nama citra , contrast(0) , contrast(45) , contrast(90) , contrast(135) , dissimilarity(0) , dissimilarity(45) , dissimilarity(90) , dissimilarity(135) , homogeneity(0) , homogeneity(45) , homogeneity(90) , homogeneity(135) , energy(0) , energy(45) , energy(90) , energy(135) , correlation(0) , correlation(45) , correlation(90) , correlation(135) , ASM(0) , ASM(45) , ASM(90) , ASM(135) , label
Copy of m10.png , 1612.3393 , 1793.1723 , 1525.3918 , 1612.3393 , 26.6371 , 27.7741 , 25.1581 , 26.6371 , 0.2119 , 0.2047 , 0.2153 , 0.2119 , 0.1813 , 0.1715 , 0.181 , 0.1813 , 0.7802 , 0.7506 , 0.7919 , 0.7802 , 0.0329 , 0.0294 , 0.0328 , 0.0329 , matang
Copy of m100.png , 1480.9633 , 2008.5444 , 1856.3047 , 1480.9633 , 28.2478 , 34.2051 , 32.2757 , 28.2478 , 0.1475 , 0.1258 , 0.1341 , 0.1475 , 0.1145 , 0.1037 , 0.1068 , 0.1145 , 0.7179 , 0.608 , 0.6417 , 0.7179 , 0.0131 , 0.0108 , 0.0114 , 0.0131 , matang
Copy of m101.png , 1022.6582 , 1338.15 , 1239.5768 , 1022.6582 , 20.9368 , 24.1781 , 22.2956 , 20.9368 , 0.2153 , 0.1999 , 0.2141 , 0.2153 , 0.175 , 0.164 , 0.171 , 0.175 , 0.8868 , 0.8487 , 0.862 , 0.8868 , 0.0306 , 0.0269 , 0.0292 , 0.0306 , matang
Copy of m102.png , 1118.2638 , 1422.5564 , 1208.368 , 1118.2638 , 21.1511 , 24.0915 , 22.2835 , 21.1511 , 0.2228 , 0.2083 , 0.2221 , 0.2228 , 0.1822 , 0.1728 , 0.182 , 0.1822 , 0.8587 , 0.8172 , 0.8473 , 0.8587 , 0.0332 , 0.0298 , 0.0331 , 0.0332 , matang
Copy of m103.png , 1151.2587 , 1530.001 , 1511.2615 , 1151.2587 , 23.7096 , 28.2996 , 27.8391 , 23.7096 , 0.1734 , 0.1571 , 0.1604 , 0.1734 , 0.1343 , 0.1241 , 0.1278 , 0.1343 , 0.7806 , 0.7007 , 0.708 , 0.7806 , 0.018 , 0.0154 , 0.0163 , 0.018 , matang
Copy of m104.png , 994.4817 , 1193.6046 , 1166.9879 , 994.4817 , 21.8847 , 24.4715 , 23.9174 , 21.8847 , 0.2053 , 0.1912 , 0.2014 , 0.2053 , 0.1695 , 0.1589 , 0.1655 , 0.1695 , 0.8312 , 0.7927 , 0.8003 , 0.8312 , 0.0287 , 0.0253 , 0.0274 , 0.0287 , matang
Copy of m105.png , 1081.2903 , 1256.5938 , 1235.4378 , 1081.2903 , 22.6168 , 24.8883 , 24.263 , 22.6168 , 0.2116 , 0.1992 , 0.2063 , 0.2116 , 0.177 , 0.1665 , 0.173 , 0.177 , 0.7997 , 0.7622 , 0.7692 , 0.7997 , 0.0313 , 0.0277 , 0.0299 , 0.0313 , matang
Copy of m106.png , 773.0067 , 900.2057 , 922.5901 , 773.0067 , 18.7547 , 20.2685 , 20.0515 , 18.7547 , 0.2358 , 0.2238 , 0.2355 , 0.2358 , 0.1983 , 0.1886 , 0.1988 , 0.1983 , 0.7997 , 0.7628 , 0.7606 , 0.7997 , 0.0393 , 0.0356 , 0.0395 , 0.0393 , matang
Copy of m107.png , 945.7111 , 1010.8482 , 972.189 , 945.7111 , 21.3778 , 22.3733 , 21.5217 , 21.3778 , 0.2013 , 0.1882 , 0.1962 , 0.2013 , 0.1644 , 0.1542 , 0.1606 , 0.1644 , 0.8106 , 0.7946 , 0.8045 , 0.8106 , 0.027 , 0.0238 , 0.0258 , 0.027 , matang
Copy of m108.png , 1383.4208 , 1859.7011 , 1727.141 , 1383.4208 , 25.9915 , 30.5783 , 29.6497 , 25.9915 , 0.1804 , 0.1639 , 0.1705 , 0.1804 , 0.144 , 0.1337 , 0.139 , 0.144 , 0.7083 , 0.6021 , 0.6336 , 0.7083 , 0.0207 , 0.0179 , 0.0193 , 0.0207 , matang
Copy of m109.png , 916.4457 , 1081.2509 , 1075.6012 , 916.4457 , 21.1261 , 23.2972 , 22.4927 , 21.1261 , 0.1889 , 0.1754 , 0.1867 , 0.1889 , 0.1502 , 0.14 , 0.1459 , 0.1502 , 0.7312 , 0.678 , 0.6824 , 0.7312 , 0.0226 , 0.0196 , 0.0213 , 0.0226 , matang
Copy of m11.png , 2015.9217 , 2198.3864 , 1929.1527 , 2015.9217 , 30.1088 , 31.2363 , 29.0477 , 30.1088 , 0.2233 , 0.212 , 0.2261 , 0.2233 , 0.1981 , 0.188 , 0.1987 , 0.1981 , 0.7647 , 0.7394 , 0.7753 , 0.7647 , 0.0392 , 0.0354 , 0.0395 , 0.0392 , matang
Copy of m110.png , 1233.2426 , 1393.9638 , 1333.0732 , 1233.2426 , 24.7503 , 26.3007 , 25.4565 , 24.7503 , 0.1996 , 0.1879 , 0.196 , 0.1996 , 0.1685 , 0.158 , 0.1643 , 0.1685 , 0.8144 , 0.7872 , 0.7983 , 0.8144 , 0.0284 , 0.025 , 0.027 , 0.0284 , matang
Copy of m111.png , 1046.1202 , 1206.954 , 1050.5451 , 1046.1202 , 22.3501 , 24.141 , 22.1715 , 22.3501 , 0.2145 , 0.2028 , 0.2137 , 0.2145 , 0.181 , 0.1714 , 0.1791 , 0.181 , 0.7655 , 0.7251 , 0.7636 , 0.7655 , 0.0328 , 0.0294 , 0.0321 , 0.0328 , matang
Copy of m112.png , 650.5244 , 758.3401 , 719.7888 , 650.5244 , 17.3774 , 19.1977 , 18.5435 , 17.3774 , 0.219 , 0.204 , 0.2176 , 0.219 , 0.1742 , 0.1658 , 0.1751 , 0.1742 , 0.8315 , 0.8 , 0.8141 , 0.8315 , 0.0304 , 0.0275 , 0.0307 , 0.0304 , matang
Copy of m113.png , 642.6368 , 885.9906 , 881.4133 , 642.6368 , 15.9642 , 19.2415 , 18.8184 , 15.9642 , 0.1887 , 0.1717 , 0.1747 , 0.1887 , 0.1332 , 0.1229 , 0.1268 , 0.1332 , 0.917 , 0.883 , 0.8854 , 0.917 , 0.0177 , 0.0151 , 0.0161 , 0.0177 , matang
Copy of m114.png , 628.7056 , 861.0662 , 827.6241 , 628.7056 , 15.0163 , 17.87 , 17.2993 , 15.0163 , 0.2024 , 0.1824 , 0.1892 , 0.2024 , 0.1343 , 0.1238 , 0.1279 , 0.1343 , 0.9183 , 0.8857 , 0.8919 , 0.9183 , 0.018 , 0.0153 , 0.0164 , 0.018 , matang
Copy of m115.png , 968.3847 , 1171.9449 , 1222.6771 , 968.3847 , 21.6837 , 23.6951 , 23.6551 , 21.6837 , 0.1831 , 0.1701 , 0.175 , 0.1831 , 0.1439 , 0.1323 , 0.1372 , 0.1439 , 0.8268 , 0.7865 , 0.7789 , 0.8268 , 0.0207 , 0.0175 , 0.0188 , 0.0207 , matang
Copy of m116.png , 841.0299 , 1097.6812 , 1020.9773 , 841.0299 , 17.7873 , 20.4831 , 19.3284 , 17.7873 , 0.2032 , 0.1876 , 0.1935 , 0.2032 , 0.1542 , 0.1436 , 0.1495 , 0.1542 , 0.8906 , 0.8526 , 0.8657 , 0.8906 , 0.0238 , 0.0206 , 0.0224 , 0.0238 , matang
Copy of m117.png , 1022.9465 , 1264.3653 , 1170.3204 , 1022.9465 , 20.7265 , 23.4341 , 22.2651 , 20.7265 , 0.2061 , 0.1889 , 0.2007 , 0.2061 , 0.1633 , 0.153 , 0.1601 , 0.1633 , 0.8565 , 0.8195 , 0.8352 , 0.8565 , 0.0267 , 0.0234 , 0.0256 , 0.0267 , matang
Copy of m118.png , 863.7674 , 1099.5126 , 1147.5004 , 863.7674 , 19.9205 , 22.4774 , 22.2836 , 19.9205 , 0.2173 , 0.1965 , 0.2038 , 0.2173 , 0.1716 , 0.1586 , 0.1622 , 0.1716 , 0.8511 , 0.8069 , 0.7998 , 0.8511 , 0.0295 , 0.0252 , 0.0263 , 0.0295 , matang
Copy of m119.png , 631.8754 , 854.7507 , 864.5727 , 631.8754 , 16.4651 , 19.9692 , 19.8059 , 16.4651 , 0.2022 , 0.1793 , 0.1845 , 0.2022 , 0.1458 , 0.1348 , 0.1403 , 0.1458 , 0.8879 , 0.844 , 0.8449 , 0.8879 , 0.0213 , 0.0182 , 0.0197 , 0.0213 , matang
Copy of m12.png , 2015.9217 , 2198.3864 , 1929.1527 , 2015.9217 , 30.1088 , 31.2363 , 29.0477 , 30.1088 , 0.2233 , 0.212 , 0.2261 , 0.2233 , 0.1981 , 0.188 , 0.1987 , 0.1981 , 0.7647 , 0.7394 , 0.7753 , 0.7647 , 0.0392 , 0.0354 , 0.0395 , 0.0392 , matang
Copy of m120.png , 569.327 , 781.1238 , 771.4522 , 569.327 , 15.1104 , 18.6728 , 18.286 , 15.1104 , 0.216 , 0.1898 , 0.1965 , 0.216 , 0.1546 , 0.1442 , 0.1497 , 0.1546 , 0.9002 , 0.8592 , 0.8634 , 0.9002 , 0.0239 , 0.0208 , 0.0224 , 0.0239 , matang
Copy of m126.png , 571.7357 , 697.2762 , 632.7551 , 571.7357 , 15.6235 , 17.4129 , 16.272 , 15.6235 , 0.2239 , 0.2061 , 0.2186 , 0.2239 , 0.1678 , 0.1582 , 0.1671 , 0.1678 , 0.8868 , 0.8586 , 0.8745 , 0.8868 , 0.0282 , 0.025 , 0.0279 , 0.0282 , matang
Copy of m127.png , 934.7735 , 1311.7003 , 1206.5474 , 934.7735 , 21.2485 , 25.1822 , 24.2332 , 21.2485 , 0.17 , 0.154 , 0.1604 , 0.17 , 0.1273 , 0.1168 , 0.1204 , 0.1273 , 0.8277 , 0.7514 , 0.7745 , 0.8277 , 0.0162 , 0.0136 , 0.0145 , 0.0162 , matang
Copy of m128.png , 886.0789 , 1227.4608 , 1128.621 , 886.0789 , 20.0542 , 23.2496 , 22.8129 , 20.0542 , 0.2026 , 0.1866 , 0.1902 , 0.2026 , 0.1587 , 0.1483 , 0.1535 , 0.1587 , 0.8536 , 0.7923 , 0.8115 , 0.8536 , 0.0252 , 0.022 , 0.0236 , 0.0252 , matang
Copy of m129.png , 651.2576 , 836.7109 , 834.9954 , 651.2576 , 16.6261 , 18.8573 , 18.6289 , 16.6261 , 0.2024 , 0.1873 , 0.1957 , 0.2024 , 0.1549 , 0.1446 , 0.1502 , 0.1549 , 0.8852 , 0.8483 , 0.8511 , 0.8852 , 0.024 , 0.0209 , 0.0226 , 0.024 , matang
Copy of m13.png , 2015.9217 , 2198.3864 , 1929.1527 , 2015.9217 , 30.1088 , 31.2363 , 29.0477 , 30.1088 , 0.2233 , 0.212 , 0.2261 , 0.2233 , 0.1981 , 0.188 , 0.1987 , 0.1981 , 0.7647 , 0.7394 , 0.7753 , 0.7647 , 0.0392 , 0.0354 , 0.0395 , 0.0392 , matang
Copy of m130.png , 641.3194 , 855.6511 , 816.6885 , 641.3194 , 16.5313 , 19.115 , 18.4503 , 16.5313 , 0.1952 , 0.1777 , 0.1834 , 0.1952 , 0.1415 , 0.1303 , 0.1338 , 0.1415 , 0.914 , 0.8815 , 0.8887 , 0.914 , 0.02 , 0.017 , 0.0179 , 0.02 , matang
Copy of m131.png , 719.2234 , 698.7438 , 642.078 , 719.2234 , 17.5222 , 17.6504 , 16.0913 , 17.5222 , 0.2318 , 0.223 , 0.2363 , 0.2318 , 0.1895 , 0.179 , 0.189 , 0.1895 , 0.6984 , 0.7017 , 0.7296 , 0.6984 , 0.0359 , 0.032 , 0.0357 , 0.0359 , matang
Copy of m132.png , 808.5728 , 871.1156 , 796.2684 , 808.5728 , 18.7272 , 19.6104 , 18.3771 , 18.7272 , 0.2094 , 0.1973 , 0.2102 , 0.2094 , 0.1672 , 0.1563 , 0.1655 , 0.1672 , 0.7383 , 0.7132 , 0.7415 , 0.7383 , 0.0279 , 0.0244 , 0.0274 , 0.0279 , matang
Copy of m133.png , 1097.4075 , 1185.5207 , 1145.4071 , 1097.4075 , 23.7626 , 24.933 , 24.2943 , 23.7626 , 0.1815 , 0.1662 , 0.1732 , 0.1815 , 0.1416 , 0.1312 , 0.1357 , 0.1416 , 0.6221 , 0.5853 , 0.6028 , 0.6221 , 0.0201 , 0.0172 , 0.0184 , 0.0201 , matang
Copy of m134.png , 570.3177 , 598.6898 , 682.5669 , 570.3177 , 12.6294 , 13.412 , 13.5665 , 12.6294 , 0.275 , 0.2603 , 0.2676 , 0.275 , 0.2137 , 0.2032 , 0.2097 , 0.2137 , 0.8524 , 0.8428 , 0.8227 , 0.8524 , 0.0457 , 0.0413 , 0.044 , 0.0457 , matang
Copy of m135.png , 483.4291 , 693.7967 , 667.7458 , 483.4291 , 14.6628 , 17.5157 , 17.3221 , 14.6628 , 0.2099 , 0.1843 , 0.1933 , 0.2099 , 0.1509 , 0.1396 , 0.1451 , 0.1509 , 0.8414 , 0.7681 , 0.7788 , 0.8414 , 0.0228 , 0.0195 , 0.0211 , 0.0228 , matang
Copy of m136.png , 834.8339 , 1057.9426 , 1070.7144 , 834.8339 , 19.2859 , 22.6437 , 22.4753 , 19.2859 , 0.1905 , 0.1666 , 0.1734 , 0.1905 , 0.1372 , 0.1265 , 0.1305 , 0.1372 , 0.7748 , 0.7081 , 0.707 , 0.7748 , 0.0188 , 0.016 , 0.017 , 0.0188 , matang
Copy of m137.png , 729.9726 , 968.3225 , 857.1093 , 729.9726 , 15.3591 , 17.5199 , 16.4111 , 15.3591 , 0.2097 , 0.1947 , 0.2055 , 0.2097 , 0.1499 , 0.1391 , 0.145 , 0.1499 , 0.9167 , 0.8865 , 0.9014 , 0.9167 , 0.0225 , 0.0193 , 0.021 , 0.0225 , matang
Copy of m138.png , 710.783 , 900.8527 , 797.9854 , 710.783 , 16.4632 , 18.9467 , 17.4803 , 16.4632 , 0.2073 , 0.1873 , 0.1973 , 0.2073 , 0.1551 , 0.144 , 0.1499 , 0.1551 , 0.8276 , 0.7756 , 0.8047 , 0.8276 , 0.0241 , 0.0207 , 0.0225 , 0.0241 , matang
Copy of m139.png , 773.0067 , 900.2057 , 922.5901 , 773.0067 , 18.7547 , 20.2685 , 20.0515 , 18.7547 , 0.2358 , 0.2238 , 0.2355 , 0.2358 , 0.1983 , 0.1886 , 0.1988 , 0.1983 , 0.7997 , 0.7628 , 0.7606 , 0.7997 , 0.0393 , 0.0356 , 0.0395 , 0.0393 , matang
Copy of m14.png , 2015.9217 , 2198.3864 , 1929.1527 , 2015.9217 , 30.1088 , 31.2363 , 29.0477 , 30.1088 , 0.2233 , 0.212 , 0.2261 , 0.2233 , 0.1981 , 0.188 , 0.1987 , 0.1981 , 0.7647 , 0.7394 , 0.7753 , 0.7647 , 0.0392 , 0.0354 , 0.0395 , 0.0392 , matang
Copy of m140.png , 945.7111 , 1010.8482 , 972.189 , 945.7111 , 21.3778 , 22.3733 , 21.5217 , 21.3778 , 0.2013 , 0.1882 , 0.1962 , 0.2013 , 0.1644 , 0.1542 , 0.1606 , 0.1644 , 0.8106 , 0.7946 , 0.8045 , 0.8106 , 0.027 , 0.0238 , 0.0258 , 0.027 , matang
Copy of m141.png , 1383.4208 , 1859.7011 , 1727.141 , 1383.4208 , 25.9915 , 30.5783 , 29.6497 , 25.9915 , 0.1804 , 0.1639 , 0.1705 , 0.1804 , 0.144 , 0.1337 , 0.139 , 0.144 , 0.7083 , 0.6021 , 0.6336 , 0.7083 , 0.0207 , 0.0179 , 0.0193 , 0.0207 , matang
Copy of m142.png , 916.4457 , 1081.2509 , 1075.6012 , 916.4457 , 21.1261 , 23.2972 , 22.4927 , 21.1261 , 0.1889 , 0.1754 , 0.1867 , 0.1889 , 0.1502 , 0.14 , 0.1459 , 0.1502 , 0.7312 , 0.678 , 0.6824 , 0.7312 , 0.0226 , 0.0196 , 0.0213 , 0.0226 , matang
Copy of m143.png , 1233.2426 , 1393.9638 , 1333.0732 , 1233.2426 , 24.7503 , 26.3007 , 25.4565 , 24.7503 , 0.1996 , 0.1879 , 0.196 , 0.1996 , 0.1685 , 0.158 , 0.1643 , 0.1685 , 0.8144 , 0.7872 , 0.7983 , 0.8144 , 0.0284 , 0.025 , 0.027 , 0.0284 , matang
Copy of m144.png , 1046.1202 , 1206.954 , 1050.5451 , 1046.1202 , 22.3501 , 24.141 , 22.1715 , 22.3501 , 0.2145 , 0.2028 , 0.2137 , 0.2145 , 0.181 , 0.1714 , 0.1791 , 0.181 , 0.7655 , 0.7251 , 0.7636 , 0.7655 , 0.0328 , 0.0294 , 0.0321 , 0.0328 , matang
Copy of m145.png , 569.327 , 781.1238 , 771.4522 , 569.327 , 15.1104 , 18.6728 , 18.286 , 15.1104 , 0.216 , 0.1898 , 0.1965 , 0.216 , 0.1546 , 0.1442 , 0.1497 , 0.1546 , 0.9002 , 0.8592 , 0.8634 , 0.9002 , 0.0239 , 0.0208 , 0.0224 , 0.0239 , matang
Copy of m146.png , 1079.1703 , 1307.1612 , 1269.408 , 1079.1703 , 23.0321 , 25.4038 , 24.9898 , 23.0321 , 0.1835 , 0.1672 , 0.1765 , 0.1835 , 0.146 , 0.1356 , 0.1406 , 0.146 , 0.8406 , 0.8009 , 0.8099 , 0.8406 , 0.0213 , 0.0184 , 0.0198 , 0.0213 , matang
Copy of m147.png , 1105.9795 , 1320.0718 , 1221.2882 , 1105.9795 , 23.4098 , 25.9365 , 24.831 , 23.4098 , 0.1892 , 0.1733 , 0.1791 , 0.1892 , 0.1498 , 0.14 , 0.145 , 0.1498 , 0.8346 , 0.7972 , 0.8154 , 0.8346 , 0.0224 , 0.0196 , 0.021 , 0.0224 , matang
Copy of m148.png , 714.3116 , 909.739 , 910.9249 , 714.3116 , 17.0318 , 18.8889 , 18.2211 , 17.0318 , 0.2202 , 0.2096 , 0.2215 , 0.2202 , 0.1747 , 0.1642 , 0.172 , 0.1747 , 0.898 , 0.8672 , 0.8691 , 0.898 , 0.0305 , 0.027 , 0.0296 , 0.0305 , matang
Copy of m149.png , 733.1701 , 969.9829 , 934.2661 , 733.1701 , 17.1535 , 19.9714 , 18.9687 , 17.1535 , 0.2178 , 0.2036 , 0.2147 , 0.2178 , 0.1709 , 0.1607 , 0.1684 , 0.1709 , 0.8708 , 0.8247 , 0.8344 , 0.8708 , 0.0292 , 0.0258 , 0.0284 , 0.0292 , matang
Copy of m15.png , 1971.2004 , 2034.0813 , 1847.0571 , 1971.2004 , 28.9648 , 29.3891 , 27.9076 , 28.9648 , 0.2137 , 0.2055 , 0.2165 , 0.2137 , 0.1851 , 0.1763 , 0.1858 , 0.1851 , 0.7508 , 0.7387 , 0.7667 , 0.7508 , 0.0342 , 0.0311 , 0.0345 , 0.0342 , matang
Copy of m155.png , 719.2234 , 698.7438 , 642.078 , 719.2234 , 17.5222 , 17.6504 , 16.0913 , 17.5222 , 0.2318 , 0.223 , 0.2363 , 0.2318 , 0.1895 , 0.179 , 0.189 , 0.1895 , 0.6984 , 0.7017 , 0.7296 , 0.6984 , 0.0359 , 0.032 , 0.0357 , 0.0359 , matang
Copy of m156.png , 808.5728 , 871.1156 , 796.2684 , 808.5728 , 18.7272 , 19.6104 , 18.3771 , 18.7272 , 0.2094 , 0.1973 , 0.2102 , 0.2094 , 0.1672 , 0.1563 , 0.1655 , 0.1672 , 0.7383 , 0.7132 , 0.7415 , 0.7383 , 0.0279 , 0.0244 , 0.0274 , 0.0279 , matang
Copy of m16.png , 1971.2004 , 2034.0813 , 1847.0571 , 1971.2004 , 28.9648 , 29.3891 , 27.9076 , 28.9648 , 0.2137 , 0.2055 , 0.2165 , 0.2137 , 0.1851 , 0.1763 , 0.1858 , 0.1851 , 0.7508 , 0.7387 , 0.7667 , 0.7508 , 0.0342 , 0.0311 , 0.0345 , 0.0342 , matang
Copy of m17.png , 1971.2004 , 2034.0813 , 1847.0571 , 1971.2004 , 28.9648 , 29.3891 , 27.9076 , 28.9648 , 0.2137 , 0.2055 , 0.2165 , 0.2137 , 0.1851 , 0.1763 , 0.1858 , 0.1851 , 0.7508 , 0.7387 , 0.7667 , 0.7508 , 0.0342 , 0.0311 , 0.0345 , 0.0342 , matang
Copy of m18.png , 1971.2004 , 2034.0813 , 1847.0571 , 1971.2004 , 28.9648 , 29.3891 , 27.9076 , 28.9648 , 0.2137 , 0.2055 , 0.2165 , 0.2137 , 0.1851 , 0.1763 , 0.1858 , 0.1851 , 0.7508 , 0.7387 , 0.7667 , 0.7508 , 0.0342 , 0.0311 , 0.0345 , 0.0342 , matang
Copy of m19.png , 1971.2004 , 2034.0813 , 1847.0571 , 1971.2004 , 28.9648 , 29.3891 , 27.9076 , 28.9648 , 0.2137 , 0.2055 , 0.2165 , 0.2137 , 0.1851 , 0.1763 , 0.1858 , 0.1851 , 0.7508 , 0.7387 , 0.7667 , 0.7508 , 0.0342 , 0.0311 , 0.0345 , 0.0342 , matang
Copy of m20.png , 1971.2004 , 2034.0813 , 1847.0571 , 1971.2004 , 28.9648 , 29.3891 , 27.9076 , 28.9648 , 0.2137 , 0.2055 , 0.2165 , 0.2137 , 0.1851 , 0.1763 , 0.1858 , 0.1851 , 0.7508 , 0.7387 , 0.7667 , 0.7508 , 0.0342 , 0.0311 , 0.0345 , 0.0342 , matang
Copy of m21.png , 684.3178 , 793.465 , 622.6467 , 684.3178 , 15.7818 , 16.1233 , 14.3721 , 15.7818 , 0.2458 , 0.2391 , 0.253 , 0.2458 , 0.1948 , 0.1855 , 0.1949 , 0.1948 , 0.9435 , 0.9338 , 0.9486 , 0.9435 , 0.038 , 0.0344 , 0.038 , 0.038 , matang
Copy of m22.png , 684.3178 , 793.465 , 622.6467 , 684.3178 , 15.7818 , 16.1233 , 14.3721 , 15.7818 , 0.2458 , 0.2391 , 0.253 , 0.2458 , 0.1948 , 0.1855 , 0.1949 , 0.1948 , 0.9435 , 0.9338 , 0.9486 , 0.9435 , 0.038 , 0.0344 , 0.038 , 0.038 , matang
Copy of m23.png , 684.3178 , 793.465 , 622.6467 , 684.3178 , 15.7818 , 16.1233 , 14.3721 , 15.7818 , 0.2458 , 0.2391 , 0.253 , 0.2458 , 0.1948 , 0.1855 , 0.1949 , 0.1948 , 0.9435 , 0.9338 , 0.9486 , 0.9435 , 0.038 , 0.0344 , 0.038 , 0.038 , matang
Copy of m24.png , 965.0352 , 1014.8838 , 885.1297 , 965.0352 , 19.6685 , 20.0735 , 18.6343 , 19.6685 , 0.2322 , 0.2254 , 0.2361 , 0.2322 , 0.1903 , 0.1806 , 0.19 , 0.1903 , 0.9221 , 0.9174 , 0.9285 , 0.9221 , 0.0362 , 0.0326 , 0.0361 , 0.0362 , matang
Copy of m25.png , 965.0352 , 1014.8838 , 885.1297 , 965.0352 , 19.6685 , 20.0735 , 18.6343 , 19.6685 , 0.2322 , 0.2254 , 0.2361 , 0.2322 , 0.1903 , 0.1806 , 0.19 , 0.1903 , 0.9221 , 0.9174 , 0.9285 , 0.9221 , 0.0362 , 0.0326 , 0.0361 , 0.0362 , matang
Copy of m26.png , 965.0352 , 1014.8838 , 885.1297 , 965.0352 , 19.6685 , 20.0735 , 18.6343 , 19.6685 , 0.2322 , 0.2254 , 0.2361 , 0.2322 , 0.1903 , 0.1806 , 0.19 , 0.1903 , 0.9221 , 0.9174 , 0.9285 , 0.9221 , 0.0362 , 0.0326 , 0.0361 , 0.0362 , matang
Copy of m27.png , 1341.9704 , 1515.0422 , 1337.9667 , 1341.9704 , 24.3118 , 25.5785 , 24.3883 , 24.3118 , 0.2243 , 0.2143 , 0.2235 , 0.2243 , 0.1913 , 0.1824 , 0.1926 , 0.1913 , 0.8319 , 0.8069 , 0.8326 , 0.8319 , 0.0366 , 0.0333 , 0.0371 , 0.0366 , matang
Copy of m28.png , 1341.9704 , 1515.0422 , 1337.9667 , 1341.9704 , 24.3118 , 25.5785 , 24.3883 , 24.3118 , 0.2243 , 0.2143 , 0.2235 , 0.2243 , 0.1913 , 0.1824 , 0.1926 , 0.1913 , 0.8319 , 0.8069 , 0.8326 , 0.8319 , 0.0366 , 0.0333 , 0.0371 , 0.0366 , matang
Copy of m29.png , 1341.9704 , 1515.0422 , 1337.9667 , 1341.9704 , 24.3118 , 25.5785 , 24.3883 , 24.3118 , 0.2243 , 0.2143 , 0.2235 , 0.2243 , 0.1913 , 0.1824 , 0.1926 , 0.1913 , 0.8319 , 0.8069 , 0.8326 , 0.8319 , 0.0366 , 0.0333 , 0.0371 , 0.0366 , matang
Copy of m30 (copy).png , 1483.2007 , 1660.1162 , 1438.2024 , 1483.2007 , 24.9734 , 26.0897 , 24.4614 , 24.9734 , 0.2234 , 0.2185 , 0.2284 , 0.2234 , 0.194 , 0.1843 , 0.195 , 0.194 , 0.8318 , 0.8084 , 0.8371 , 0.8318 , 0.0376 , 0.034 , 0.038 , 0.0376 , matang
Copy of m36.png , 1549.5185 , 1787.2079 , 1506.9081 , 1549.5185 , 25.6288 , 27.4704 , 24.9034 , 25.6288 , 0.2243 , 0.2107 , 0.2272 , 0.2243 , 0.1925 , 0.1826 , 0.1922 , 0.1925 , 0.781 , 0.7435 , 0.7873 , 0.781 , 0.0371 , 0.0333 , 0.037 , 0.0371 , matang
Copy of m37 (copy).png , 1450.9929 , 1627.2545 , 1343.1526 , 1450.9929 , 24.2042 , 25.092 , 22.8674 , 24.2042 , 0.2174 , 0.206 , 0.2182 , 0.2174 , 0.1834 , 0.1737 , 0.1831 , 0.1834 , 0.7962 , 0.7673 , 0.8116 , 0.7962 , 0.0336 , 0.0302 , 0.0335 , 0.0336 , matang
Copy of m37.png , 1450.9929 , 1627.2545 , 1343.1526 , 1450.9929 , 24.2042 , 25.092 , 22.8674 , 24.2042 , 0.2174 , 0.206 , 0.2182 , 0.2174 , 0.1834 , 0.1737 , 0.1831 , 0.1834 , 0.7962 , 0.7673 , 0.8116 , 0.7962 , 0.0336 , 0.0302 , 0.0335 , 0.0336 , matang
Copy of m39.png , 1450.9929 , 1627.2545 , 1343.1526 , 1450.9929 , 24.2042 , 25.092 , 22.8674 , 24.2042 , 0.2174 , 0.206 , 0.2182 , 0.2174 , 0.1834 , 0.1737 , 0.1831 , 0.1834 , 0.7962 , 0.7673 , 0.8116 , 0.7962 , 0.0336 , 0.0302 , 0.0335 , 0.0336 , matang
Copy of m40.png , 1248.7879 , 1446.6458 , 1213.5276 , 1248.7879 , 21.6301 , 22.9237 , 21.073 , 21.6301 , 0.1977 , 0.185 , 0.1977 , 0.1977 , 0.1559 , 0.1462 , 0.155 , 0.1559 , 0.8261 , 0.7935 , 0.8307 , 0.8261 , 0.0243 , 0.0214 , 0.024 , 0.0243 , matang
Copy of m41.png , 1248.7879 , 1446.6458 , 1213.5276 , 1248.7879 , 21.6301 , 22.9237 , 21.073 , 21.6301 , 0.1977 , 0.185 , 0.1977 , 0.1977 , 0.1559 , 0.1462 , 0.155 , 0.1559 , 0.8261 , 0.7935 , 0.8307 , 0.8261 , 0.0243 , 0.0214 , 0.024 , 0.0243 , matang
Copy of m42.png , 1248.7879 , 1446.6458 , 1213.5276 , 1248.7879 , 21.6301 , 22.9237 , 21.073 , 21.6301 , 0.1977 , 0.185 , 0.1977 , 0.1977 , 0.1559 , 0.1462 , 0.155 , 0.1559 , 0.8261 , 0.7935 , 0.8307 , 0.8261 , 0.0243 , 0.0214 , 0.024 , 0.0243 , matang
Copy of m43.png , 1252.3164 , 1408.7124 , 1227.5947 , 1252.3164 , 21.2578 , 22.3649 , 20.8503 , 21.2578 , 0.2375 , 0.226 , 0.2389 , 0.2375 , 0.2009 , 0.1915 , 0.2014 , 0.2009 , 0.8474 , 0.8253 , 0.8505 , 0.8474 , 0.0404 , 0.0367 , 0.0405 , 0.0404 , matang
Copy of m44.png , 1252.3164 , 1408.7124 , 1227.5947 , 1252.3164 , 21.2578 , 22.3649 , 20.8503 , 21.2578 , 0.2375 , 0.226 , 0.2389 , 0.2375 , 0.2009 , 0.1915 , 0.2014 , 0.2009 , 0.8474 , 0.8253 , 0.8505 , 0.8474 , 0.0404 , 0.0367 , 0.0405 , 0.0404 , matang
Copy of m45.png , 1252.3164 , 1408.7124 , 1227.5947 , 1252.3164 , 21.2578 , 22.3649 , 20.8503 , 21.2578 , 0.2375 , 0.226 , 0.2389 , 0.2375 , 0.2009 , 0.1915 , 0.2014 , 0.2009 , 0.8474 , 0.8253 , 0.8505 , 0.8474 , 0.0404 , 0.0367 , 0.0405 , 0.0404 , matang
Copy of m46.png , 1462.1192 , 1585.2124 , 1076.806 , 1462.1192 , 24.3301 , 24.9045 , 20.07 , 24.3301 , 0.2181 , 0.2076 , 0.2248 , 0.2181 , 0.1788 , 0.1687 , 0.1773 , 0.1788 , 0.8742 , 0.8625 , 0.9074 , 0.8742 , 0.032 , 0.0285 , 0.0315 , 0.032 , matang
Copy of m47.png , 1462.1192 , 1585.2124 , 1076.806 , 1462.1192 , 24.3301 , 24.9045 , 20.07 , 24.3301 , 0.2181 , 0.2076 , 0.2248 , 0.2181 , 0.1788 , 0.1687 , 0.1773 , 0.1788 , 0.8742 , 0.8625 , 0.9074 , 0.8742 , 0.032 , 0.0285 , 0.0315 , 0.032 , matang
Copy of m48.png , 1462.1192 , 1585.2124 , 1076.806 , 1462.1192 , 24.3301 , 24.9045 , 20.07 , 24.3301 , 0.2181 , 0.2076 , 0.2248 , 0.2181 , 0.1788 , 0.1687 , 0.1773 , 0.1788 , 0.8742 , 0.8625 , 0.9074 , 0.8742 , 0.032 , 0.0285 , 0.0315 , 0.032 , matang
Copy of m49.png , 934.5496 , 1093.9413 , 875.6758 , 934.5496 , 18.0969 , 18.8808 , 17.1956 , 18.0969 , 0.2338 , 0.2259 , 0.2352 , 0.2338 , 0.189 , 0.1808 , 0.19 , 0.189 , 0.8799 , 0.8567 , 0.8876 , 0.8799 , 0.0357 , 0.0327 , 0.0361 , 0.0357 , matang
Copy of m56.png , 1001.8438 , 1284.4172 , 1255.5761 , 1001.8438 , 21.363 , 24.9804 , 24.3456 , 21.363 , 0.2111 , 0.195 , 0.2007 , 0.2111 , 0.1691 , 0.1591 , 0.1667 , 0.1691 , 0.7542 , 0.6803 , 0.6921 , 0.7542 , 0.0286 , 0.0253 , 0.0278 , 0.0286 , matang
Copy of m57.png , 1001.8438 , 1284.4172 , 1255.5761 , 1001.8438 , 21.363 , 24.9804 , 24.3456 , 21.363 , 0.2111 , 0.195 , 0.2007 , 0.2111 , 0.1691 , 0.1591 , 0.1667 , 0.1691 , 0.7542 , 0.6803 , 0.6921 , 0.7542 , 0.0286 , 0.0253 , 0.0278 , 0.0286 , matang
Copy of m58.png , 1001.8438 , 1284.4172 , 1255.5761 , 1001.8438 , 21.363 , 24.9804 , 24.3456 , 21.363 , 0.2111 , 0.195 , 0.2007 , 0.2111 , 0.1691 , 0.1591 , 0.1667 , 0.1691 , 0.7542 , 0.6803 , 0.6921 , 0.7542 , 0.0286 , 0.0253 , 0.0278 , 0.0286 , matang
Copy of m59.png , 617.55 , 887.7413 , 853.6698 , 617.55 , 16.4094 , 19.328 , 18.7534 , 16.4094 , 0.2116 , 0.1931 , 0.2022 , 0.2116 , 0.1616 , 0.1505 , 0.1569 , 0.1616 , 0.8988 , 0.8507 , 0.8588 , 0.8988 , 0.0261 , 0.0226 , 0.0246 , 0.0261 , matang
Copy of m6.png , 1612.3393 , 1793.1723 , 1525.3918 , 1612.3393 , 26.6371 , 27.7741 , 25.1581 , 26.6371 , 0.2119 , 0.2047 , 0.2153 , 0.2119 , 0.1813 , 0.1715 , 0.181 , 0.1813 , 0.7802 , 0.7506 , 0.7919 , 0.7802 , 0.0329 , 0.0294 , 0.0328 , 0.0329 , matang
Copy of m60.png , 617.55 , 887.7413 , 853.6698 , 617.55 , 16.4094 , 19.328 , 18.7534 , 16.4094 , 0.2116 , 0.1931 , 0.2022 , 0.2116 , 0.1616 , 0.1505 , 0.1569 , 0.1616 , 0.8988 , 0.8507 , 0.8588 , 0.8988 , 0.0261 , 0.0226 , 0.0246 , 0.0261 , matang
Copy of m66.png , 1013.64 , 1291.6473 , 1224.2102 , 1013.64 , 20.2057 , 22.6174 , 21.4668 , 20.2057 , 0.2052 , 0.1927 , 0.2016 , 0.2052 , 0.1599 , 0.1494 , 0.1567 , 0.1599 , 0.8846 , 0.8498 , 0.8598 , 0.8846 , 0.0256 , 0.0223 , 0.0245 , 0.0256 , matang
Copy of m67.png , 1013.64 , 1291.6473 , 1224.2102 , 1013.64 , 20.2057 , 22.6174 , 21.4668 , 20.2057 , 0.2052 , 0.1927 , 0.2016 , 0.2052 , 0.1599 , 0.1494 , 0.1567 , 0.1599 , 0.8846 , 0.8498 , 0.8598 , 0.8846 , 0.0256 , 0.0223 , 0.0245 , 0.0256 , matang
Copy of m68.png , 1023.7993 , 1192.9676 , 1162.5681 , 1023.7993 , 23.0304 , 24.7763 , 24.5012 , 23.0304 , 0.1645 , 0.1543 , 0.1573 , 0.1645 , 0.1274 , 0.1186 , 0.1228 , 0.1274 , 0.8002 , 0.7613 , 0.7708 , 0.8002 , 0.0162 , 0.0141 , 0.0151 , 0.0162 , matang
Copy of m69.png , 1023.7993 , 1192.9676 , 1162.5681 , 1023.7993 , 23.0304 , 24.7763 , 24.5012 , 23.0304 , 0.1645 , 0.1543 , 0.1573 , 0.1645 , 0.1274 , 0.1186 , 0.1228 , 0.1274 , 0.8002 , 0.7613 , 0.7708 , 0.8002 , 0.0162 , 0.0141 , 0.0151 , 0.0162 , matang
Copy of m7.png , 1612.3393 , 1793.1723 , 1525.3918 , 1612.3393 , 26.6371 , 27.7741 , 25.1581 , 26.6371 , 0.2119 , 0.2047 , 0.2153 , 0.2119 , 0.1813 , 0.1715 , 0.181 , 0.1813 , 0.7802 , 0.7506 , 0.7919 , 0.7802 , 0.0329 , 0.0294 , 0.0328 , 0.0329 , matang
Copy of m70.png , 1023.7993 , 1192.9676 , 1162.5681 , 1023.7993 , 23.0304 , 24.7763 , 24.5012 , 23.0304 , 0.1645 , 0.1543 , 0.1573 , 0.1645 , 0.1274 , 0.1186 , 0.1228 , 0.1274 , 0.8002 , 0.7613 , 0.7708 , 0.8002 , 0.0162 , 0.0141 , 0.0151 , 0.0162 , matang
Copy of m71.png , 1013.0657 , 1220.0057 , 1178.7352 , 1013.0657 , 21.8117 , 23.9306 , 22.8723 , 21.8117 , 0.2057 , 0.1949 , 0.2033 , 0.2057 , 0.1698 , 0.1591 , 0.1663 , 0.1698 , 0.8526 , 0.8191 , 0.8275 , 0.8526 , 0.0288 , 0.0253 , 0.0277 , 0.0288 , matang
Copy of m72.png , 1013.0657 , 1220.0057 , 1178.7352 , 1013.0657 , 21.8117 , 23.9306 , 22.8723 , 21.8117 , 0.2057 , 0.1949 , 0.2033 , 0.2057 , 0.1698 , 0.1591 , 0.1663 , 0.1698 , 0.8526 , 0.8191 , 0.8275 , 0.8526 , 0.0288 , 0.0253 , 0.0277 , 0.0288 , matang
Copy of m73.png , 1013.0657 , 1220.0057 , 1178.7352 , 1013.0657 , 21.8117 , 23.9306 , 22.8723 , 21.8117 , 0.2057 , 0.1949 , 0.2033 , 0.2057 , 0.1698 , 0.1591 , 0.1663 , 0.1698 , 0.8526 , 0.8191 , 0.8275 , 0.8526 , 0.0288 , 0.0253 , 0.0277 , 0.0288 , matang
Copy of m74.png , 596.2891 , 743.3777 , 655.3805 , 596.2891 , 16.6707 , 18.3311 , 17.3971 , 16.6707 , 0.2054 , 0.1954 , 0.2039 , 0.2054 , 0.1603 , 0.1503 , 0.1571 , 0.1603 , 0.9068 , 0.8802 , 0.8966 , 0.9068 , 0.0257 , 0.0226 , 0.0247 , 0.0257 , matang
Copy of m75.png , 596.2891 , 743.3777 , 655.3805 , 596.2891 , 16.6707 , 18.3311 , 17.3971 , 16.6707 , 0.2054 , 0.1954 , 0.2039 , 0.2054 , 0.1603 , 0.1503 , 0.1571 , 0.1603 , 0.9068 , 0.8802 , 0.8966 , 0.9068 , 0.0257 , 0.0226 , 0.0247 , 0.0257 , matang
Copy of m76.png , 596.2891 , 743.3777 , 655.3805 , 596.2891 , 16.6707 , 18.3311 , 17.3971 , 16.6707 , 0.2054 , 0.1954 , 0.2039 , 0.2054 , 0.1603 , 0.1503 , 0.1571 , 0.1603 , 0.9068 , 0.8802 , 0.8966 , 0.9068 , 0.0257 , 0.0226 , 0.0247 , 0.0257 , matang
Copy of m77.png , 624.6785 , 841.8342 , 794.7685 , 624.6785 , 17.0252 , 19.8077 , 18.8602 , 17.0252 , 0.2005 , 0.1856 , 0.1894 , 0.2005 , 0.1512 , 0.1407 , 0.1455 , 0.1512 , 0.91 , 0.8751 , 0.8842 , 0.91 , 0.0229 , 0.0198 , 0.0212 , 0.0229 , matang
Copy of m78.png , 624.6785 , 841.8342 , 794.7685 , 624.6785 , 17.0252 , 19.8077 , 18.8602 , 17.0252 , 0.2005 , 0.1856 , 0.1894 , 0.2005 , 0.1512 , 0.1407 , 0.1455 , 0.1512 , 0.91 , 0.8751 , 0.8842 , 0.91 , 0.0229 , 0.0198 , 0.0212 , 0.0229 , matang
Copy of m79.png , 673.2305 , 1032.3164 , 996.569 , 673.2305 , 17.2246 , 21.6869 , 21.2692 , 17.2246 , 0.1865 , 0.1695 , 0.174 , 0.1865 , 0.1365 , 0.1273 , 0.1316 , 0.1365 , 0.904 , 0.8487 , 0.8562 , 0.904 , 0.0186 , 0.0162 , 0.0173 , 0.0186 , matang
Copy of m8.png , 1612.3393 , 1793.1723 , 1525.3918 , 1612.3393 , 26.6371 , 27.7741 , 25.1581 , 26.6371 , 0.2119 , 0.2047 , 0.2153 , 0.2119 , 0.1813 , 0.1715 , 0.181 , 0.1813 , 0.7802 , 0.7506 , 0.7919 , 0.7802 , 0.0329 , 0.0294 , 0.0328 , 0.0329 , matang
Copy of m80.png , 673.2305 , 1032.3164 , 996.569 , 673.2305 , 17.2246 , 21.6869 , 21.2692 , 17.2246 , 0.1865 , 0.1695 , 0.174 , 0.1865 , 0.1365 , 0.1273 , 0.1316 , 0.1365 , 0.904 , 0.8487 , 0.8562 , 0.904 , 0.0186 , 0.0162 , 0.0173 , 0.0186 , matang
Copy of m81.png , 714.3085 , 845.1676 , 776.6131 , 714.3085 , 19.0943 , 20.5791 , 19.8558 , 19.0943 , 0.2004 , 0.1908 , 0.1944 , 0.2004 , 0.1611 , 0.151 , 0.1562 , 0.1611 , 0.8932 , 0.8704 , 0.8828 , 0.8932 , 0.026 , 0.0228 , 0.0244 , 0.026 , matang
Copy of m82.png , 714.3085 , 845.1676 , 776.6131 , 714.3085 , 19.0943 , 20.5791 , 19.8558 , 19.0943 , 0.2004 , 0.1908 , 0.1944 , 0.2004 , 0.1611 , 0.151 , 0.1562 , 0.1611 , 0.8932 , 0.8704 , 0.8828 , 0.8932 , 0.026 , 0.0228 , 0.0244 , 0.026 , matang
Copy of m83.png , 576.6381 , 741.0618 , 670.4885 , 576.6381 , 16.729 , 19.2153 , 17.9119 , 16.729 , 0.2145 , 0.1965 , 0.2089 , 0.2145 , 0.1693 , 0.1586 , 0.1654 , 0.1693 , 0.8707 , 0.8298 , 0.8484 , 0.8707 , 0.0287 , 0.0252 , 0.0274 , 0.0287 , matang
Copy of m84.png , 576.6381 , 741.0618 , 670.4885 , 576.6381 , 16.729 , 19.2153 , 17.9119 , 16.729 , 0.2145 , 0.1965 , 0.2089 , 0.2145 , 0.1693 , 0.1586 , 0.1654 , 0.1693 , 0.8707 , 0.8298 , 0.8484 , 0.8707 , 0.0287 , 0.0252 , 0.0274 , 0.0287 , matang
Copy of m85.png , 733.1701 , 969.9829 , 934.2661 , 733.1701 , 17.1535 , 19.9714 , 18.9687 , 17.1535 , 0.2178 , 0.2036 , 0.2147 , 0.2178 , 0.1709 , 0.1607 , 0.1684 , 0.1709 , 0.8708 , 0.8247 , 0.8344 , 0.8708 , 0.0292 , 0.0258 , 0.0284 , 0.0292 , matang
Copy of m86.png , 733.1701 , 969.9829 , 934.2661 , 733.1701 , 17.1535 , 19.9714 , 18.9687 , 17.1535 , 0.2178 , 0.2036 , 0.2147 , 0.2178 , 0.1709 , 0.1607 , 0.1684 , 0.1709 , 0.8708 , 0.8247 , 0.8344 , 0.8708 , 0.0292 , 0.0258 , 0.0284 , 0.0292 , matang
Copy of m87.png , 1197.877 , 1395.6997 , 1240.0035 , 1197.877 , 22.9549 , 24.971 , 23.3518 , 22.9549 , 0.2025 , 0.1889 , 0.2028 , 0.2025 , 0.1666 , 0.1558 , 0.1648 , 0.1666 , 0.7534 , 0.708 , 0.744 , 0.7534 , 0.0278 , 0.0243 , 0.0271 , 0.0278 , matang
Copy of m88.png , 1197.877 , 1395.6997 , 1240.0035 , 1197.877 , 22.9549 , 24.971 , 23.3518 , 22.9549 , 0.2025 , 0.1889 , 0.2028 , 0.2025 , 0.1666 , 0.1558 , 0.1648 , 0.1666 , 0.7534 , 0.708 , 0.744 , 0.7534 , 0.0278 , 0.0243 , 0.0271 , 0.0278 , matang
Copy of m89.png , 1251.2461 , 1491.3264 , 1453.8275 , 1251.2461 , 25.2782 , 27.6635 , 27.317 , 25.2782 , 0.184 , 0.1687 , 0.1763 , 0.184 , 0.1477 , 0.1372 , 0.1435 , 0.1477 , 0.6975 , 0.6326 , 0.6454 , 0.6975 , 0.0218 , 0.0188 , 0.0206 , 0.0218 , matang
Copy of m9.png , 1612.3393 , 1793.1723 , 1525.3918 , 1612.3393 , 26.6371 , 27.7741 , 25.1581 , 26.6371 , 0.2119 , 0.2047 , 0.2153 , 0.2119 , 0.1813 , 0.1715 , 0.181 , 0.1813 , 0.7802 , 0.7506 , 0.7919 , 0.7802 , 0.0329 , 0.0294 , 0.0328 , 0.0329 , matang
Copy of m96.png , 1579.9155 , 1771.5488 , 1702.6862 , 1579.9155 , 28.4429 , 30.0833 , 29.4466 , 28.4429 , 0.1662 , 0.1558 , 0.1602 , 0.1662 , 0.134 , 0.1244 , 0.1287 , 0.134 , 0.7792 , 0.7487 , 0.7608 , 0.7792 , 0.018 , 0.0155 , 0.0166 , 0.018 , matang
Copy of m97.png , 1579.9155 , 1771.5488 , 1702.6862 , 1579.9155 , 28.4429 , 30.0833 , 29.4466 , 28.4429 , 0.1662 , 0.1558 , 0.1602 , 0.1662 , 0.134 , 0.1244 , 0.1287 , 0.134 , 0.7792 , 0.7487 , 0.7608 , 0.7792 , 0.018 , 0.0155 , 0.0166 , 0.018 , matang
Copy of m98.png , 901.6688 , 1084.6958 , 988.8387 , 901.6688 , 19.2856 , 21.2562 , 20.0104 , 19.2856 , 0.2342 , 0.2206 , 0.2312 , 0.2342 , 0.1906 , 0.1805 , 0.189 , 0.1906 , 0.8533 , 0.8203 , 0.8386 , 0.8533 , 0.0363 , 0.0326 , 0.0357 , 0.0363 , matang
Copy of m99.png , 1412.2172 , 1721.6374 , 1640.4869 , 1412.2172 , 24.4032 , 26.9493 , 25.9497 , 24.4032 , 0.1755 , 0.1628 , 0.1701 , 0.1755 , 0.135 , 0.1247 , 0.1301 , 0.135 , 0.8473 , 0.8103 , 0.8216 , 0.8473 , 0.0182 , 0.0156 , 0.0169 , 0.0182 , matang
Copy of Tm1.png , 363.2769 , 523.7874 , 496.1581 , 363.2769 , 11.6649 , 14.2492 , 13.2043 , 11.6649 , 0.2018 , 0.1814 , 0.1908 , 0.2018 , 0.1291 , 0.1189 , 0.1225 , 0.1291 , 0.8975 , 0.8501 , 0.8591 , 0.8975 , 0.0167 , 0.0141 , 0.015 , 0.0167 , mentah
Copy of Tm10.png , 340.9245 , 512.3558 , 440.4024 , 340.9245 , 10.1205 , 12.3005 , 11.3657 , 10.1205 , 0.2608 , 0.2374 , 0.2511 , 0.2608 , 0.1677 , 0.1579 , 0.1642 , 0.1677 , 0.9369 , 0.904 , 0.9182 , 0.9369 , 0.0281 , 0.0249 , 0.027 , 0.0281 , mentah
Copy of Tm100.png , 652.7475 , 982.4192 , 994.8504 , 652.7475 , 16.1933 , 20.2148 , 20.1674 , 16.1933 , 0.2095 , 0.1914 , 0.196 , 0.2095 , 0.1573 , 0.1455 , 0.1488 , 0.1573 , 0.8861 , 0.825 , 0.8243 , 0.8861 , 0.0247 , 0.0212 , 0.0221 , 0.0247 , mentah
Copy of Tm106.png , 487.1205 , 707.4522 , 604.4511 , 487.1205 , 15.4827 , 19.0616 , 17.4695 , 15.4827 , 0.1358 , 0.1166 , 0.1239 , 0.1358 , 0.0755 , 0.0684 , 0.0727 , 0.0755 , 0.6945 , 0.5396 , 0.6133 , 0.6945 , 0.0057 , 0.0047 , 0.0053 , 0.0057 , mentah
Copy of Tm107.png , 487.1205 , 707.4522 , 604.4511 , 487.1205 , 15.4827 , 19.0616 , 17.4695 , 15.4827 , 0.1358 , 0.1166 , 0.1239 , 0.1358 , 0.0755 , 0.0684 , 0.0727 , 0.0755 , 0.6945 , 0.5396 , 0.6133 , 0.6945 , 0.0057 , 0.0047 , 0.0053 , 0.0057 , mentah
Copy of Tm108.png , 487.1205 , 707.4522 , 604.4511 , 487.1205 , 15.4827 , 19.0616 , 17.4695 , 15.4827 , 0.1358 , 0.1166 , 0.1239 , 0.1358 , 0.0755 , 0.0684 , 0.0727 , 0.0755 , 0.6945 , 0.5396 , 0.6133 , 0.6945 , 0.0057 , 0.0047 , 0.0053 , 0.0057 , mentah
Copy of Tm109.png , 807.7922 , 1086.5774 , 1050.8931 , 807.7922 , 17.3256 , 20.4417 , 19.5747 , 17.3256 , 0.1915 , 0.1708 , 0.1762 , 0.1915 , 0.1329 , 0.121 , 0.1248 , 0.1329 , 0.8536 , 0.8007 , 0.8096 , 0.8536 , 0.0177 , 0.0146 , 0.0156 , 0.0177 , mentah
Copy of Tm11.png , 340.9245 , 512.3558 , 440.4024 , 340.9245 , 10.1205 , 12.3005 , 11.3657 , 10.1205 , 0.2608 , 0.2374 , 0.2511 , 0.2608 , 0.1677 , 0.1579 , 0.1642 , 0.1677 , 0.9369 , 0.904 , 0.9182 , 0.9369 , 0.0281 , 0.0249 , 0.027 , 0.0281 , mentah
Copy of Tm110.png , 807.7922 , 1086.5774 , 1050.8931 , 807.7922 , 17.3256 , 20.4417 , 19.5747 , 17.3256 , 0.1915 , 0.1708 , 0.1762 , 0.1915 , 0.1329 , 0.121 , 0.1248 , 0.1329 , 0.8536 , 0.8007 , 0.8096 , 0.8536 , 0.0177 , 0.0146 , 0.0156 , 0.0177 , mentah
Copy of Tm111.png , 807.7922 , 1086.5774 , 1050.8931 , 807.7922 , 17.3256 , 20.4417 , 19.5747 , 17.3256 , 0.1915 , 0.1708 , 0.1762 , 0.1915 , 0.1329 , 0.121 , 0.1248 , 0.1329 , 0.8536 , 0.8007 , 0.8096 , 0.8536 , 0.0177 , 0.0146 , 0.0156 , 0.0177 , mentah
Copy of Tm112.png , 724.1734 , 928.7 , 906.8246 , 724.1734 , 16.5643 , 19.3238 , 18.4325 , 16.5643 , 0.1965 , 0.1788 , 0.1833 , 0.1965 , 0.1399 , 0.128 , 0.1318 , 0.1399 , 0.8682 , 0.8288 , 0.835 , 0.8682 , 0.0196 , 0.0164 , 0.0174 , 0.0196 , mentah
Copy of Tm113.png , 724.1734 , 928.7 , 906.8246 , 724.1734 , 16.5643 , 19.3238 , 18.4325 , 16.5643 , 0.1965 , 0.1788 , 0.1833 , 0.1965 , 0.1399 , 0.128 , 0.1318 , 0.1399 , 0.8682 , 0.8288 , 0.835 , 0.8682 , 0.0196 , 0.0164 , 0.0174 , 0.0196 , mentah
Copy of Tm114.png , 724.1734 , 928.7 , 906.8246 , 724.1734 , 16.5643 , 19.3238 , 18.4325 , 16.5643 , 0.1965 , 0.1788 , 0.1833 , 0.1965 , 0.1399 , 0.128 , 0.1318 , 0.1399 , 0.8682 , 0.8288 , 0.835 , 0.8682 , 0.0196 , 0.0164 , 0.0174 , 0.0196 , mentah
Copy of Tm115.png , 829.4555 , 1190.7199 , 1169.0825 , 829.4555 , 17.3579 , 21.1701 , 20.5409 , 17.3579 , 0.1869 , 0.1681 , 0.1711 , 0.1869 , 0.1295 , 0.1184 , 0.1216 , 0.1295 , 0.8495 , 0.7812 , 0.788 , 0.8495 , 0.0168 , 0.014 , 0.0148 , 0.0168 , mentah
Copy of Tm116.png , 829.4555 , 1190.7199 , 1169.0825 , 829.4555 , 17.3579 , 21.1701 , 20.5409 , 17.3579 , 0.1869 , 0.1681 , 0.1711 , 0.1869 , 0.1295 , 0.1184 , 0.1216 , 0.1295 , 0.8495 , 0.7812 , 0.788 , 0.8495 , 0.0168 , 0.014 , 0.0148 , 0.0168 , mentah
Copy of Tm117.png , 829.4555 , 1190.7199 , 1169.0825 , 829.4555 , 17.3579 , 21.1701 , 20.5409 , 17.3579 , 0.1869 , 0.1681 , 0.1711 , 0.1869 , 0.1295 , 0.1184 , 0.1216 , 0.1295 , 0.8495 , 0.7812 , 0.788 , 0.8495 , 0.0168 , 0.014 , 0.0148 , 0.0168 , mentah
Copy of Tm118.png , 935.753 , 1150.3356 , 1097.2535 , 935.753 , 17.4934 , 19.692 , 18.5061 , 17.4934 , 0.2323 , 0.2191 , 0.2295 , 0.2323 , 0.1769 , 0.1659 , 0.1723 , 0.1769 , 0.8875 , 0.8608 , 0.8684 , 0.8875 , 0.0313 , 0.0275 , 0.0297 , 0.0313 , mentah
Copy of Tm119.png , 935.753 , 1150.3356 , 1097.2535 , 935.753 , 17.4934 , 19.692 , 18.5061 , 17.4934 , 0.2323 , 0.2191 , 0.2295 , 0.2323 , 0.1769 , 0.1659 , 0.1723 , 0.1769 , 0.8875 , 0.8608 , 0.8684 , 0.8875 , 0.0313 , 0.0275 , 0.0297 , 0.0313 , mentah
Copy of Tm12.png , 340.9245 , 512.3558 , 440.4024 , 340.9245 , 10.1205 , 12.3005 , 11.3657 , 10.1205 , 0.2608 , 0.2374 , 0.2511 , 0.2608 , 0.1677 , 0.1579 , 0.1642 , 0.1677 , 0.9369 , 0.904 , 0.9182 , 0.9369 , 0.0281 , 0.0249 , 0.027 , 0.0281 , mentah
Copy of Tm120.png , 935.753 , 1150.3356 , 1097.2535 , 935.753 , 17.4934 , 19.692 , 18.5061 , 17.4934 , 0.2323 , 0.2191 , 0.2295 , 0.2323 , 0.1769 , 0.1659 , 0.1723 , 0.1769 , 0.8875 , 0.8608 , 0.8684 , 0.8875 , 0.0313 , 0.0275 , 0.0297 , 0.0313 , mentah
Copy of Tm121.png , 693.5244 , 882.9193 , 787.7097 , 693.5244 , 16.9675 , 19.497 , 18.3802 , 16.9675 , 0.226 , 0.2112 , 0.2204 , 0.226 , 0.1782 , 0.1672 , 0.1746 , 0.1782 , 0.8303 , 0.7793 , 0.806 , 0.8303 , 0.0317 , 0.028 , 0.0305 , 0.0317 , mentah
Copy of Tm122.png , 693.5244 , 882.9193 , 787.7097 , 693.5244 , 16.9675 , 19.497 , 18.3802 , 16.9675 , 0.226 , 0.2112 , 0.2204 , 0.226 , 0.1782 , 0.1672 , 0.1746 , 0.1782 , 0.8303 , 0.7793 , 0.806 , 0.8303 , 0.0317 , 0.028 , 0.0305 , 0.0317 , mentah
Copy of Tm123.png , 693.5244 , 882.9193 , 787.7097 , 693.5244 , 16.9675 , 19.497 , 18.3802 , 16.9675 , 0.226 , 0.2112 , 0.2204 , 0.226 , 0.1782 , 0.1672 , 0.1746 , 0.1782 , 0.8303 , 0.7793 , 0.806 , 0.8303 , 0.0317 , 0.028 , 0.0305 , 0.0317 , mentah
Copy of Tm124.png , 283.7538 , 449.3323 , 426.7704 , 283.7538 , 10.6722 , 13.7394 , 12.9169 , 10.6722 , 0.208 , 0.1853 , 0.1958 , 0.208 , 0.1329 , 0.1219 , 0.1254 , 0.1329 , 0.9233 , 0.8757 , 0.883 , 0.9233 , 0.0177 , 0.0149 , 0.0157 , 0.0177 , mentah
Copy of Tm125.png , 283.7538 , 449.3323 , 426.7704 , 283.7538 , 10.6722 , 13.7394 , 12.9169 , 10.6722 , 0.208 , 0.1853 , 0.1958 , 0.208 , 0.1329 , 0.1219 , 0.1254 , 0.1329 , 0.9233 , 0.8757 , 0.883 , 0.9233 , 0.0177 , 0.0149 , 0.0157 , 0.0177 , mentah
Copy of Tm126.png , 283.7538 , 449.3323 , 426.7704 , 283.7538 , 10.6722 , 13.7394 , 12.9169 , 10.6722 , 0.208 , 0.1853 , 0.1958 , 0.208 , 0.1329 , 0.1219 , 0.1254 , 0.1329 , 0.9233 , 0.8757 , 0.883 , 0.9233 , 0.0177 , 0.0149 , 0.0157 , 0.0177 , mentah
Copy of Tm127.png , 538.8211 , 666.1951 , 577.8427 , 538.8211 , 14.2522 , 15.9212 , 14.9243 , 14.2522 , 0.2617 , 0.2472 , 0.2595 , 0.2617 , 0.2145 , 0.205 , 0.2123 , 0.2145 , 0.8795 , 0.8492 , 0.8705 , 0.8795 , 0.046 , 0.042 , 0.0451 , 0.046 , mentah
Copy of Tm128.png , 538.8211 , 666.1951 , 577.8427 , 538.8211 , 14.2522 , 15.9212 , 14.9243 , 14.2522 , 0.2617 , 0.2472 , 0.2595 , 0.2617 , 0.2145 , 0.205 , 0.2123 , 0.2145 , 0.8795 , 0.8492 , 0.8705 , 0.8795 , 0.046 , 0.042 , 0.0451 , 0.046 , mentah
Copy of Tm129.png , 538.8211 , 666.1951 , 577.8427 , 538.8211 , 14.2522 , 15.9212 , 14.9243 , 14.2522 , 0.2617 , 0.2472 , 0.2595 , 0.2617 , 0.2145 , 0.205 , 0.2123 , 0.2145 , 0.8795 , 0.8492 , 0.8705 , 0.8795 , 0.046 , 0.042 , 0.0451 , 0.046 , mentah
Copy of Tm13.png , 302.9679 , 446.4213 , 437.5496 , 302.9679 , 9.1598 , 11.2026 , 10.4973 , 9.1598 , 0.2832 , 0.2644 , 0.2766 , 0.2832 , 0.1893 , 0.1789 , 0.1864 , 0.1893 , 0.9336 , 0.9005 , 0.9037 , 0.9336 , 0.0359 , 0.032 , 0.0347 , 0.0359 , mentah
Copy of Tm130.png , 505.2372 , 734.7853 , 627.6858 , 505.2372 , 12.3661 , 14.8747 , 13.5645 , 12.3661 , 0.2735 , 0.2551 , 0.2684 , 0.2735 , 0.2082 , 0.1973 , 0.2066 , 0.2082 , 0.8988 , 0.8511 , 0.8742 , 0.8988 , 0.0434 , 0.0389 , 0.0427 , 0.0434 , mentah
Copy of Tm131.png , 505.2372 , 734.7853 , 627.6858 , 505.2372 , 12.3661 , 14.8747 , 13.5645 , 12.3661 , 0.2735 , 0.2551 , 0.2684 , 0.2735 , 0.2082 , 0.1973 , 0.2066 , 0.2082 , 0.8988 , 0.8511 , 0.8742 , 0.8988 , 0.0434 , 0.0389 , 0.0427 , 0.0434 , mentah
Copy of Tm132.png , 505.2372 , 734.7853 , 627.6858 , 505.2372 , 12.3661 , 14.8747 , 13.5645 , 12.3661 , 0.2735 , 0.2551 , 0.2684 , 0.2735 , 0.2082 , 0.1973 , 0.2066 , 0.2082 , 0.8988 , 0.8511 , 0.8742 , 0.8988 , 0.0434 , 0.0389 , 0.0427 , 0.0434 , mentah
Copy of Tm133.png , 423.527 , 668.3605 , 589.076 , 423.527 , 12.8924 , 16.1225 , 15.0004 , 12.8924 , 0.2266 , 0.2058 , 0.2186 , 0.2266 , 0.1658 , 0.1544 , 0.1617 , 0.1658 , 0.8301 , 0.7279 , 0.7622 , 0.8301 , 0.0275 , 0.0238 , 0.0261 , 0.0275 , mentah
Copy of Tm134.png , 423.527 , 668.3605 , 589.076 , 423.527 , 12.8924 , 16.1225 , 15.0004 , 12.8924 , 0.2266 , 0.2058 , 0.2186 , 0.2266 , 0.1658 , 0.1544 , 0.1617 , 0.1658 , 0.8301 , 0.7279 , 0.7622 , 0.8301 , 0.0275 , 0.0238 , 0.0261 , 0.0275 , mentah
Copy of Tm135.png , 423.527 , 668.3605 , 589.076 , 423.527 , 12.8924 , 16.1225 , 15.0004 , 12.8924 , 0.2266 , 0.2058 , 0.2186 , 0.2266 , 0.1658 , 0.1544 , 0.1617 , 0.1658 , 0.8301 , 0.7279 , 0.7622 , 0.8301 , 0.0275 , 0.0238 , 0.0261 , 0.0275 , mentah
Copy of Tm136.png , 551.8576 , 770.9319 , 674.0539 , 551.8576 , 13.6081 , 16.5504 , 15.2808 , 13.6081 , 0.2483 , 0.2255 , 0.239 , 0.2483 , 0.1869 , 0.1763 , 0.1859 , 0.1869 , 0.84 , 0.7726 , 0.8043 , 0.84 , 0.0349 , 0.0311 , 0.0346 , 0.0349 , mentah
Copy of Tm137.png , 551.8576 , 770.9319 , 674.0539 , 551.8576 , 13.6081 , 16.5504 , 15.2808 , 13.6081 , 0.2483 , 0.2255 , 0.239 , 0.2483 , 0.1869 , 0.1763 , 0.1859 , 0.1869 , 0.84 , 0.7726 , 0.8043 , 0.84 , 0.0349 , 0.0311 , 0.0346 , 0.0349 , mentah
Copy of Tm138.png , 551.8576 , 770.9319 , 674.0539 , 551.8576 , 13.6081 , 16.5504 , 15.2808 , 13.6081 , 0.2483 , 0.2255 , 0.239 , 0.2483 , 0.1869 , 0.1763 , 0.1859 , 0.1869 , 0.84 , 0.7726 , 0.8043 , 0.84 , 0.0349 , 0.0311 , 0.0346 , 0.0349 , mentah
Copy of Tm139.png , 265.8769 , 371.599 , 319.2447 , 265.8769 , 10.673 , 12.3092 , 11.3902 , 10.673 , 0.243 , 0.2267 , 0.2362 , 0.243 , 0.1751 , 0.1653 , 0.1726 , 0.1751 , 0.9261 , 0.8947 , 0.9108 , 0.9261 , 0.0307 , 0.0273 , 0.0298 , 0.0307 , mentah
Copy of Tm14.png , 302.9679 , 446.4213 , 437.5496 , 302.9679 , 9.1598 , 11.2026 , 10.4973 , 9.1598 , 0.2832 , 0.2644 , 0.2766 , 0.2832 , 0.1893 , 0.1789 , 0.1864 , 0.1893 , 0.9336 , 0.9005 , 0.9037 , 0.9336 , 0.0359 , 0.032 , 0.0347 , 0.0359 , mentah
Copy of Tm140.png , 265.8769 , 371.599 , 319.2447 , 265.8769 , 10.673 , 12.3092 , 11.3902 , 10.673 , 0.243 , 0.2267 , 0.2362 , 0.243 , 0.1751 , 0.1653 , 0.1726 , 0.1751 , 0.9261 , 0.8947 , 0.9108 , 0.9261 , 0.0307 , 0.0273 , 0.0298 , 0.0307 , mentah
Copy of Tm146.png , 524.2139 , 645.0147 , 580.9514 , 524.2139 , 13.258 , 14.7894 , 13.4732 , 13.258 , 0.2485 , 0.2342 , 0.2464 , 0.2485 , 0.1933 , 0.1819 , 0.1905 , 0.1933 , 0.8608 , 0.8252 , 0.8451 , 0.8608 , 0.0374 , 0.0331 , 0.0363 , 0.0374 , mentah
Copy of Tm147.png , 524.2139 , 645.0147 , 580.9514 , 524.2139 , 13.258 , 14.7894 , 13.4732 , 13.258 , 0.2485 , 0.2342 , 0.2464 , 0.2485 , 0.1933 , 0.1819 , 0.1905 , 0.1933 , 0.8608 , 0.8252 , 0.8451 , 0.8608 , 0.0374 , 0.0331 , 0.0363 , 0.0374 , mentah
Copy of Tm148.png , 357.2281 , 502.383 , 423.8525 , 357.2281 , 10.998 , 12.9936 , 11.9275 , 10.998 , 0.2489 , 0.2327 , 0.2411 , 0.2489 , 0.1776 , 0.1683 , 0.1751 , 0.1776 , 0.9117 , 0.8739 , 0.8945 , 0.9117 , 0.0316 , 0.0283 , 0.0307 , 0.0316 , mentah
Copy of Tm149.png , 357.2281 , 502.383 , 423.8525 , 357.2281 , 10.998 , 12.9936 , 11.9275 , 10.998 , 0.2489 , 0.2327 , 0.2411 , 0.2489 , 0.1776 , 0.1683 , 0.1751 , 0.1776 , 0.9117 , 0.8739 , 0.8945 , 0.9117 , 0.0316 , 0.0283 , 0.0307 , 0.0316 , mentah
Copy of Tm15.png , 302.9679 , 446.4213 , 437.5496 , 302.9679 , 9.1598 , 11.2026 , 10.4973 , 9.1598 , 0.2832 , 0.2644 , 0.2766 , 0.2832 , 0.1893 , 0.1789 , 0.1864 , 0.1893 , 0.9336 , 0.9005 , 0.9037 , 0.9336 , 0.0359 , 0.032 , 0.0347 , 0.0359 , mentah
Copy of Tm150.png , 357.2281 , 502.383 , 423.8525 , 357.2281 , 10.998 , 12.9936 , 11.9275 , 10.998 , 0.2489 , 0.2327 , 0.2411 , 0.2489 , 0.1776 , 0.1683 , 0.1751 , 0.1776 , 0.9117 , 0.8739 , 0.8945 , 0.9117 , 0.0316 , 0.0283 , 0.0307 , 0.0316 , mentah
Copy of Tm16.png , 296.0151 , 412.2041 , 388.3946 , 296.0151 , 10.6983 , 12.514 , 11.6237 , 10.6983 , 0.1951 , 0.1822 , 0.1953 , 0.1951 , 0.1038 , 0.0983 , 0.105 , 0.1038 , 0.9172 , 0.8833 , 0.8915 , 0.9172 , 0.0108 , 0.0097 , 0.011 , 0.0108 , mentah
Copy of Tm17.png , 296.0151 , 412.2041 , 388.3946 , 296.0151 , 10.6983 , 12.514 , 11.6237 , 10.6983 , 0.1951 , 0.1822 , 0.1953 , 0.1951 , 0.1038 , 0.0983 , 0.105 , 0.1038 , 0.9172 , 0.8833 , 0.8915 , 0.9172 , 0.0108 , 0.0097 , 0.011 , 0.0108 , mentah
Copy of Tm18.png , 296.0151 , 412.2041 , 388.3946 , 296.0151 , 10.6983 , 12.514 , 11.6237 , 10.6983 , 0.1951 , 0.1822 , 0.1953 , 0.1951 , 0.1038 , 0.0983 , 0.105 , 0.1038 , 0.9172 , 0.8833 , 0.8915 , 0.9172 , 0.0108 , 0.0097 , 0.011 , 0.0108 , mentah
Copy of Tm19.png , 420.3362 , 548.3288 , 550.6211 , 420.3362 , 11.1214 , 13.172 , 12.3819 , 11.1214 , 0.2221 , 0.2069 , 0.2176 , 0.2221 , 0.1394 , 0.132 , 0.1379 , 0.1394 , 0.9256 , 0.9013 , 0.9023 , 0.9256 , 0.0194 , 0.0174 , 0.019 , 0.0194 , mentah
Copy of Tm2.png , 363.2769 , 523.7874 , 496.1581 , 363.2769 , 11.6649 , 14.2492 , 13.2043 , 11.6649 , 0.2018 , 0.1814 , 0.1908 , 0.2018 , 0.1291 , 0.1189 , 0.1225 , 0.1291 , 0.8975 , 0.8501 , 0.8591 , 0.8975 , 0.0167 , 0.0141 , 0.015 , 0.0167 , mentah
Copy of Tm20.png , 420.3362 , 548.3288 , 550.6211 , 420.3362 , 11.1214 , 13.172 , 12.3819 , 11.1214 , 0.2221 , 0.2069 , 0.2176 , 0.2221 , 0.1394 , 0.132 , 0.1379 , 0.1394 , 0.9256 , 0.9013 , 0.9023 , 0.9256 , 0.0194 , 0.0174 , 0.019 , 0.0194 , mentah
Copy of Tm3.png , 363.2769 , 523.7874 , 496.1581 , 363.2769 , 11.6649 , 14.2492 , 13.2043 , 11.6649 , 0.2018 , 0.1814 , 0.1908 , 0.2018 , 0.1291 , 0.1189 , 0.1225 , 0.1291 , 0.8975 , 0.8501 , 0.8591 , 0.8975 , 0.0167 , 0.0141 , 0.015 , 0.0167 , mentah
Copy of Tm31.png , 633.4027 , 772.3823 , 565.4628 , 633.4027 , 11.451 , 12.9198 , 11.0489 , 11.451 , 0.2379 , 0.2275 , 0.2433 , 0.2379 , 0.138 , 0.1314 , 0.1386 , 0.138 , 0.9366 , 0.922 , 0.9434 , 0.9366 , 0.019 , 0.0173 , 0.0192 , 0.019 , mentah
Copy of Tm32.png , 633.4027 , 772.3823 , 565.4628 , 633.4027 , 11.451 , 12.9198 , 11.0489 , 11.451 , 0.2379 , 0.2275 , 0.2433 , 0.2379 , 0.138 , 0.1314 , 0.1386 , 0.138 , 0.9366 , 0.922 , 0.9434 , 0.9366 , 0.019 , 0.0173 , 0.0192 , 0.019 , mentah
Copy of Tm33.png , 633.4027 , 772.3823 , 565.4628 , 633.4027 , 11.451 , 12.9198 , 11.0489 , 11.451 , 0.2379 , 0.2275 , 0.2433 , 0.2379 , 0.138 , 0.1314 , 0.1386 , 0.138 , 0.9366 , 0.922 , 0.9434 , 0.9366 , 0.019 , 0.0173 , 0.0192 , 0.019 , mentah
Copy of Tm34.png , 426.3093 , 579.602 , 490.8569 , 426.3093 , 11.3568 , 13.2932 , 11.5399 , 11.3568 , 0.2687 , 0.253 , 0.2712 , 0.2687 , 0.2011 , 0.1916 , 0.2008 , 0.2011 , 0.9428 , 0.9209 , 0.9342 , 0.9428 , 0.0404 , 0.0367 , 0.0403 , 0.0404 , mentah
Copy of Tm35.png , 426.3093 , 579.602 , 490.8569 , 426.3093 , 11.3568 , 13.2932 , 11.5399 , 11.3568 , 0.2687 , 0.253 , 0.2712 , 0.2687 , 0.2011 , 0.1916 , 0.2008 , 0.2011 , 0.9428 , 0.9209 , 0.9342 , 0.9428 , 0.0404 , 0.0367 , 0.0403 , 0.0404 , mentah
Copy of Tm36.png , 426.3093 , 579.602 , 490.8569 , 426.3093 , 11.3568 , 13.2932 , 11.5399 , 11.3568 , 0.2687 , 0.253 , 0.2712 , 0.2687 , 0.2011 , 0.1916 , 0.2008 , 0.2011 , 0.9428 , 0.9209 , 0.9342 , 0.9428 , 0.0404 , 0.0367 , 0.0403 , 0.0404 , mentah
Copy of Tm37.png , 437.1797 , 593.6241 , 478.8585 , 437.1797 , 11.2262 , 13.2189 , 11.2979 , 11.2262 , 0.2601 , 0.2456 , 0.2606 , 0.2601 , 0.1919 , 0.1822 , 0.1916 , 0.1919 , 0.943 , 0.9211 , 0.9376 , 0.943 , 0.0368 , 0.0332 , 0.0367 , 0.0368 , mentah
Copy of Tm38.png , 437.1797 , 593.6241 , 478.8585 , 437.1797 , 11.2262 , 13.2189 , 11.2979 , 11.2262 , 0.2601 , 0.2456 , 0.2606 , 0.2601 , 0.1919 , 0.1822 , 0.1916 , 0.1919 , 0.943 , 0.9211 , 0.9376 , 0.943 , 0.0368 , 0.0332 , 0.0367 , 0.0368 , mentah
Copy of Tm39.png , 437.1797 , 593.6241 , 478.8585 , 437.1797 , 11.2262 , 13.2189 , 11.2979 , 11.2262 , 0.2601 , 0.2456 , 0.2606 , 0.2601 , 0.1919 , 0.1822 , 0.1916 , 0.1919 , 0.943 , 0.9211 , 0.9376 , 0.943 , 0.0368 , 0.0332 , 0.0367 , 0.0368 , mentah
Copy of Tm4.png , 197.6971 , 257.4404 , 218.4657 , 197.6971 , 9.631 , 11.2559 , 10.0485 , 9.631 , 0.166 , 0.1477 , 0.1616 , 0.166 , 0.0766 , 0.0692 , 0.0721 , 0.0766 , 0.9222 , 0.8976 , 0.9138 , 0.9222 , 0.0059 , 0.0048 , 0.0052 , 0.0059 , mentah
Copy of Tm40.png , 450.4444 , 686.8656 , 671.2911 , 450.4444 , 13.1414 , 16.3506 , 15.0166 , 13.1414 , 0.2093 , 0.1858 , 0.2025 , 0.2093 , 0.1453 , 0.1331 , 0.1369 , 0.1453 , 0.9196 , 0.8741 , 0.8784 , 0.9196 , 0.0211 , 0.0177 , 0.0187 , 0.0211 , mentah
Copy of Tm41.png , 450.4444 , 686.8656 , 671.2911 , 450.4444 , 13.1414 , 16.3506 , 15.0166 , 13.1414 , 0.2093 , 0.1858 , 0.2025 , 0.2093 , 0.1453 , 0.1331 , 0.1369 , 0.1453 , 0.9196 , 0.8741 , 0.8784 , 0.9196 , 0.0211 , 0.0177 , 0.0187 , 0.0211 , mentah
Copy of Tm42.png , 450.4444 , 686.8656 , 671.2911 , 450.4444 , 13.1414 , 16.3506 , 15.0166 , 13.1414 , 0.2093 , 0.1858 , 0.2025 , 0.2093 , 0.1453 , 0.1331 , 0.1369 , 0.1453 , 0.9196 , 0.8741 , 0.8784 , 0.9196 , 0.0211 , 0.0177 , 0.0187 , 0.0211 , mentah
Copy of Tm43.png , 507.6782 , 684.5496 , 580.3082 , 507.6782 , 12.1525 , 14.2048 , 12.3597 , 12.1525 , 0.2647 , 0.2474 , 0.2655 , 0.2647 , 0.1969 , 0.1865 , 0.196 , 0.1969 , 0.9391 , 0.9163 , 0.9304 , 0.9391 , 0.0388 , 0.0348 , 0.0384 , 0.0388 , mentah
Copy of Tm44.png , 507.6782 , 684.5496 , 580.3082 , 507.6782 , 12.1525 , 14.2048 , 12.3597 , 12.1525 , 0.2647 , 0.2474 , 0.2655 , 0.2647 , 0.1969 , 0.1865 , 0.196 , 0.1969 , 0.9391 , 0.9163 , 0.9304 , 0.9391 , 0.0388 , 0.0348 , 0.0384 , 0.0388 , mentah
Copy of Tm45.png , 507.6782 , 684.5496 , 580.3082 , 507.6782 , 12.1525 , 14.2048 , 12.3597 , 12.1525 , 0.2647 , 0.2474 , 0.2655 , 0.2647 , 0.1969 , 0.1865 , 0.196 , 0.1969 , 0.9391 , 0.9163 , 0.9304 , 0.9391 , 0.0388 , 0.0348 , 0.0384 , 0.0388 , mentah
Copy of Tm46.png , 306.4038 , 537.5629 , 441.9463 , 306.4038 , 10.7374 , 14.0635 , 12.8109 , 10.7374 , 0.2118 , 0.1847 , 0.1974 , 0.2118 , 0.1332 , 0.123 , 0.1274 , 0.1332 , 0.9382 , 0.8881 , 0.9094 , 0.9382 , 0.0177 , 0.0151 , 0.0162 , 0.0177 , mentah
Copy of Tm47.png , 306.4038 , 537.5629 , 441.9463 , 306.4038 , 10.7374 , 14.0635 , 12.8109 , 10.7374 , 0.2118 , 0.1847 , 0.1974 , 0.2118 , 0.1332 , 0.123 , 0.1274 , 0.1332 , 0.9382 , 0.8881 , 0.9094 , 0.9382 , 0.0177 , 0.0151 , 0.0162 , 0.0177 , mentah
Copy of Tm48.png , 306.4038 , 537.5629 , 441.9463 , 306.4038 , 10.7374 , 14.0635 , 12.8109 , 10.7374 , 0.2118 , 0.1847 , 0.1974 , 0.2118 , 0.1332 , 0.123 , 0.1274 , 0.1332 , 0.9382 , 0.8881 , 0.9094 , 0.9382 , 0.0177 , 0.0151 , 0.0162 , 0.0177 , mentah
Copy of Tm49.png , 516.1045 , 671.6961 , 551.3457 , 516.1045 , 11.3437 , 12.7268 , 11.2347 , 11.3437 , 0.2606 , 0.2543 , 0.2632 , 0.2606 , 0.1895 , 0.1801 , 0.1897 , 0.1895 , 0.9394 , 0.9194 , 0.9353 , 0.9394 , 0.0359 , 0.0324 , 0.036 , 0.0359 , mentah
Copy of Tm5.png , 197.6971 , 257.4404 , 218.4657 , 197.6971 , 9.631 , 11.2559 , 10.0485 , 9.631 , 0.166 , 0.1477 , 0.1616 , 0.166 , 0.0766 , 0.0692 , 0.0721 , 0.0766 , 0.9222 , 0.8976 , 0.9138 , 0.9222 , 0.0059 , 0.0048 , 0.0052 , 0.0059 , mentah
Copy of Tm50.png , 516.1045 , 671.6961 , 551.3457 , 516.1045 , 11.3437 , 12.7268 , 11.2347 , 11.3437 , 0.2606 , 0.2543 , 0.2632 , 0.2606 , 0.1895 , 0.1801 , 0.1897 , 0.1895 , 0.9394 , 0.9194 , 0.9353 , 0.9394 , 0.0359 , 0.0324 , 0.036 , 0.0359 , mentah
Copy of Tm51.png , 516.1045 , 671.6961 , 551.3457 , 516.1045 , 11.3437 , 12.7268 , 11.2347 , 11.3437 , 0.2606 , 0.2543 , 0.2632 , 0.2606 , 0.1895 , 0.1801 , 0.1897 , 0.1895 , 0.9394 , 0.9194 , 0.9353 , 0.9394 , 0.0359 , 0.0324 , 0.036 , 0.0359 , mentah
Copy of Tm52.png , 360.9253 , 628.6923 , 485.1849 , 360.9253 , 10.2749 , 13.6687 , 12.2542 , 10.2749 , 0.24 , 0.2142 , 0.2266 , 0.24 , 0.1598 , 0.1496 , 0.1557 , 0.1598 , 0.9495 , 0.9095 , 0.9314 , 0.9495 , 0.0255 , 0.0224 , 0.0242 , 0.0255 , mentah
Copy of Tm53.png , 360.9253 , 628.6923 , 485.1849 , 360.9253 , 10.2749 , 13.6687 , 12.2542 , 10.2749 , 0.24 , 0.2142 , 0.2266 , 0.24 , 0.1598 , 0.1496 , 0.1557 , 0.1598 , 0.9495 , 0.9095 , 0.9314 , 0.9495 , 0.0255 , 0.0224 , 0.0242 , 0.0255 , mentah
Copy of Tm54.png , 360.9253 , 628.6923 , 485.1849 , 360.9253 , 10.2749 , 13.6687 , 12.2542 , 10.2749 , 0.24 , 0.2142 , 0.2266 , 0.24 , 0.1598 , 0.1496 , 0.1557 , 0.1598 , 0.9495 , 0.9095 , 0.9314 , 0.9495 , 0.0255 , 0.0224 , 0.0242 , 0.0255 , mentah
Copy of Tm55.png , 381.8301 , 688.5511 , 528.8355 , 381.8301 , 10.3028 , 13.7614 , 12.413 , 10.3028 , 0.2406 , 0.2169 , 0.2287 , 0.2406 , 0.1626 , 0.1517 , 0.1582 , 0.1626 , 0.9499 , 0.907 , 0.9298 , 0.9499 , 0.0264 , 0.023 , 0.025 , 0.0264 , mentah
Copy of Tm56.png , 381.8301 , 688.5511 , 528.8355 , 381.8301 , 10.3028 , 13.7614 , 12.413 , 10.3028 , 0.2406 , 0.2169 , 0.2287 , 0.2406 , 0.1626 , 0.1517 , 0.1582 , 0.1626 , 0.9499 , 0.907 , 0.9298 , 0.9499 , 0.0264 , 0.023 , 0.025 , 0.0264 , mentah
Copy of Tm57.png , 381.8301 , 688.5511 , 528.8355 , 381.8301 , 10.3028 , 13.7614 , 12.413 , 10.3028 , 0.2406 , 0.2169 , 0.2287 , 0.2406 , 0.1626 , 0.1517 , 0.1582 , 0.1626 , 0.9499 , 0.907 , 0.9298 , 0.9499 , 0.0264 , 0.023 , 0.025 , 0.0264 , mentah
Copy of Tm58.png , 436.7713 , 740.33 , 563.8846 , 436.7713 , 11.324 , 14.4848 , 12.8347 , 11.324 , 0.2448 , 0.2269 , 0.2422 , 0.2448 , 0.176 , 0.1667 , 0.174 , 0.176 , 0.9322 , 0.8823 , 0.9119 , 0.9322 , 0.031 , 0.0278 , 0.0303 , 0.031 , mentah
Copy of Tm59.png , 436.7713 , 740.33 , 563.8846 , 436.7713 , 11.324 , 14.4848 , 12.8347 , 11.324 , 0.2448 , 0.2269 , 0.2422 , 0.2448 , 0.176 , 0.1667 , 0.174 , 0.176 , 0.9322 , 0.8823 , 0.9119 , 0.9322 , 0.031 , 0.0278 , 0.0303 , 0.031 , mentah
Copy of Tm6.png , 197.6971 , 257.4404 , 218.4657 , 197.6971 , 9.631 , 11.2559 , 10.0485 , 9.631 , 0.166 , 0.1477 , 0.1616 , 0.166 , 0.0766 , 0.0692 , 0.0721 , 0.0766 , 0.9222 , 0.8976 , 0.9138 , 0.9222 , 0.0059 , 0.0048 , 0.0052 , 0.0059 , mentah
Copy of Tm60.png , 436.7713 , 740.33 , 563.8846 , 436.7713 , 11.324 , 14.4848 , 12.8347 , 11.324 , 0.2448 , 0.2269 , 0.2422 , 0.2448 , 0.176 , 0.1667 , 0.174 , 0.176 , 0.9322 , 0.8823 , 0.9119 , 0.9322 , 0.031 , 0.0278 , 0.0303 , 0.031 , mentah
Copy of Tm61.png , 549.7062 , 881.5343 , 616.2243 , 549.7062 , 10.8064 , 13.7323 , 11.9187 , 10.8064 , 0.2707 , 0.2528 , 0.2655 , 0.2707 , 0.1915 , 0.1819 , 0.1911 , 0.1915 , 0.9444 , 0.9088 , 0.9376 , 0.9444 , 0.0367 , 0.0331 , 0.0365 , 0.0367 , mentah
Copy of Tm62.png , 549.7062 , 881.5343 , 616.2243 , 549.7062 , 10.8064 , 13.7323 , 11.9187 , 10.8064 , 0.2707 , 0.2528 , 0.2655 , 0.2707 , 0.1915 , 0.1819 , 0.1911 , 0.1915 , 0.9444 , 0.9088 , 0.9376 , 0.9444 , 0.0367 , 0.0331 , 0.0365 , 0.0367 , mentah
Copy of Tm63.png , 549.7062 , 881.5343 , 616.2243 , 549.7062 , 10.8064 , 13.7323 , 11.9187 , 10.8064 , 0.2707 , 0.2528 , 0.2655 , 0.2707 , 0.1915 , 0.1819 , 0.1911 , 0.1915 , 0.9444 , 0.9088 , 0.9376 , 0.9444 , 0.0367 , 0.0331 , 0.0365 , 0.0367 , mentah
Copy of Tm64.png , 455.2636 , 770.4193 , 557.2521 , 455.2636 , 12.4721 , 15.8523 , 13.8562 , 12.4721 , 0.2389 , 0.2169 , 0.2354 , 0.2389 , 0.1753 , 0.1652 , 0.1743 , 0.1753 , 0.9303 , 0.8793 , 0.9144 , 0.9303 , 0.0307 , 0.0273 , 0.0304 , 0.0307 , mentah
Copy of Tm65.png , 455.2636 , 770.4193 , 557.2521 , 455.2636 , 12.4721 , 15.8523 , 13.8562 , 12.4721 , 0.2389 , 0.2169 , 0.2354 , 0.2389 , 0.1753 , 0.1652 , 0.1743 , 0.1753 , 0.9303 , 0.8793 , 0.9144 , 0.9303 , 0.0307 , 0.0273 , 0.0304 , 0.0307 , mentah
Copy of Tm7.png , 481.5248 , 682.6408 , 615.6943 , 481.5248 , 10.9103 , 13.1491 , 12.0448 , 10.9103 , 0.2571 , 0.244 , 0.2561 , 0.2571 , 0.1766 , 0.1666 , 0.1758 , 0.1766 , 0.9208 , 0.8853 , 0.8985 , 0.9208 , 0.0312 , 0.0278 , 0.0309 , 0.0312 , mentah
Copy of Tm71.png , 405.0504 , 806.1536 , 788.7214 , 405.0504 , 12.7635 , 17.0708 , 16.7396 , 12.7635 , 0.2441 , 0.2144 , 0.2211 , 0.2441 , 0.1819 , 0.1676 , 0.1701 , 0.1819 , 0.9443 , 0.8867 , 0.8898 , 0.9443 , 0.0331 , 0.0281 , 0.0289 , 0.0331 , mentah
Copy of Tm72.png , 405.0504 , 806.1536 , 788.7214 , 405.0504 , 12.7635 , 17.0708 , 16.7396 , 12.7635 , 0.2441 , 0.2144 , 0.2211 , 0.2441 , 0.1819 , 0.1676 , 0.1701 , 0.1819 , 0.9443 , 0.8867 , 0.8898 , 0.9443 , 0.0331 , 0.0281 , 0.0289 , 0.0331 , mentah
Copy of Tm73.png , 625.0794 , 917.2935 , 723.2867 , 625.0794 , 16.1935 , 19.0781 , 16.9251 , 16.1935 , 0.2228 , 0.2102 , 0.2214 , 0.2228 , 0.1739 , 0.1644 , 0.1725 , 0.1739 , 0.9095 , 0.8645 , 0.8949 , 0.9095 , 0.0302 , 0.027 , 0.0298 , 0.0302 , mentah
Copy of Tm74.png , 625.0794 , 917.2935 , 723.2867 , 625.0794 , 16.1935 , 19.0781 , 16.9251 , 16.1935 , 0.2228 , 0.2102 , 0.2214 , 0.2228 , 0.1739 , 0.1644 , 0.1725 , 0.1739 , 0.9095 , 0.8645 , 0.8949 , 0.9095 , 0.0302 , 0.027 , 0.0298 , 0.0302 , mentah
Copy of Tm75.png , 625.0794 , 917.2935 , 723.2867 , 625.0794 , 16.1935 , 19.0781 , 16.9251 , 16.1935 , 0.2228 , 0.2102 , 0.2214 , 0.2228 , 0.1739 , 0.1644 , 0.1725 , 0.1739 , 0.9095 , 0.8645 , 0.8949 , 0.9095 , 0.0302 , 0.027 , 0.0298 , 0.0302 , mentah
Copy of Tm76.png , 622.7724 , 927.914 , 750.9853 , 622.7724 , 15.4187 , 18.2233 , 16.1055 , 15.4187 , 0.253 , 0.2377 , 0.2531 , 0.253 , 0.2004 , 0.1905 , 0.1987 , 0.2004 , 0.9176 , 0.8751 , 0.9004 , 0.9176 , 0.0402 , 0.0363 , 0.0395 , 0.0402 , mentah
Copy of Tm77.png , 622.7724 , 927.914 , 750.9853 , 622.7724 , 15.4187 , 18.2233 , 16.1055 , 15.4187 , 0.253 , 0.2377 , 0.2531 , 0.253 , 0.2004 , 0.1905 , 0.1987 , 0.2004 , 0.9176 , 0.8751 , 0.9004 , 0.9176 , 0.0402 , 0.0363 , 0.0395 , 0.0402 , mentah
Copy of Tm78.png , 622.7724 , 927.914 , 750.9853 , 622.7724 , 15.4187 , 18.2233 , 16.1055 , 15.4187 , 0.253 , 0.2377 , 0.2531 , 0.253 , 0.2004 , 0.1905 , 0.1987 , 0.2004 , 0.9176 , 0.8751 , 0.9004 , 0.9176 , 0.0402 , 0.0363 , 0.0395 , 0.0402 , mentah
Copy of Tm79.png , 796.4977 , 997.393 , 902.8446 , 796.4977 , 16.7892 , 18.978 , 17.5113 , 16.7892 , 0.2013 , 0.1875 , 0.2013 , 0.2013 , 0.1537 , 0.1426 , 0.149 , 0.1537 , 0.8516 , 0.8116 , 0.8314 , 0.8516 , 0.0236 , 0.0203 , 0.0222 , 0.0236 , mentah
Copy of Tm8.png , 481.5248 , 682.6408 , 615.6943 , 481.5248 , 10.9103 , 13.1491 , 12.0448 , 10.9103 , 0.2571 , 0.244 , 0.2561 , 0.2571 , 0.1766 , 0.1666 , 0.1758 , 0.1766 , 0.9208 , 0.8853 , 0.8985 , 0.9208 , 0.0312 , 0.0278 , 0.0309 , 0.0312 , mentah
Copy of Tm80.png , 796.4977 , 997.393 , 902.8446 , 796.4977 , 16.7892 , 18.978 , 17.5113 , 16.7892 , 0.2013 , 0.1875 , 0.2013 , 0.2013 , 0.1537 , 0.1426 , 0.149 , 0.1537 , 0.8516 , 0.8116 , 0.8314 , 0.8516 , 0.0236 , 0.0203 , 0.0222 , 0.0236 , mentah
Copy of Tm81.png , 796.4977 , 997.393 , 902.8446 , 796.4977 , 16.7892 , 18.978 , 17.5113 , 16.7892 , 0.2013 , 0.1875 , 0.2013 , 0.2013 , 0.1537 , 0.1426 , 0.149 , 0.1537 , 0.8516 , 0.8116 , 0.8314 , 0.8516 , 0.0236 , 0.0203 , 0.0222 , 0.0236 , mentah
Copy of Tm82.png , 489.5102 , 764.2819 , 725.2085 , 489.5102 , 14.3694 , 17.5234 , 16.6881 , 14.3694 , 0.1892 , 0.1692 , 0.1763 , 0.1892 , 0.1296 , 0.1179 , 0.122 , 0.1296 , 0.8439 , 0.7507 , 0.7654 , 0.8439 , 0.0168 , 0.0139 , 0.0149 , 0.0168 , mentah
Copy of Tm83.png , 489.5102 , 764.2819 , 725.2085 , 489.5102 , 14.3694 , 17.5234 , 16.6881 , 14.3694 , 0.1892 , 0.1692 , 0.1763 , 0.1892 , 0.1296 , 0.1179 , 0.122 , 0.1296 , 0.8439 , 0.7507 , 0.7654 , 0.8439 , 0.0168 , 0.0139 , 0.0149 , 0.0168 , mentah
Copy of Tm84.png , 489.5102 , 764.2819 , 725.2085 , 489.5102 , 14.3694 , 17.5234 , 16.6881 , 14.3694 , 0.1892 , 0.1692 , 0.1763 , 0.1892 , 0.1296 , 0.1179 , 0.122 , 0.1296 , 0.8439 , 0.7507 , 0.7654 , 0.8439 , 0.0168 , 0.0139 , 0.0149 , 0.0168 , mentah
Copy of Tm85.png , 691.8241 , 924.3748 , 806.02 , 691.8241 , 16.9888 , 19.032 , 17.4394 , 16.9888 , 0.1956 , 0.1841 , 0.1933 , 0.1956 , 0.1468 , 0.1375 , 0.1436 , 0.1468 , 0.8712 , 0.8252 , 0.8494 , 0.8712 , 0.0216 , 0.0189 , 0.0206 , 0.0216 , mentah
Copy of Tm86.png , 691.8241 , 924.3748 , 806.02 , 691.8241 , 16.9888 , 19.032 , 17.4394 , 16.9888 , 0.1956 , 0.1841 , 0.1933 , 0.1956 , 0.1468 , 0.1375 , 0.1436 , 0.1468 , 0.8712 , 0.8252 , 0.8494 , 0.8712 , 0.0216 , 0.0189 , 0.0206 , 0.0216 , mentah
Copy of Tm9.png , 481.5248 , 682.6408 , 615.6943 , 481.5248 , 10.9103 , 13.1491 , 12.0448 , 10.9103 , 0.2571 , 0.244 , 0.2561 , 0.2571 , 0.1766 , 0.1666 , 0.1758 , 0.1766 , 0.9208 , 0.8853 , 0.8985 , 0.9208 , 0.0312 , 0.0278 , 0.0309 , 0.0312 , mentah
Copy of Tm92.png , 372.1386 , 609.5316 , 564.4488 , 372.1386 , 13.2683 , 16.7451 , 16.0167 , 13.2683 , 0.1858 , 0.1641 , 0.1693 , 0.1858 , 0.1227 , 0.1125 , 0.1158 , 0.1227 , 0.8876 , 0.8122 , 0.8274 , 0.8876 , 0.0151 , 0.0127 , 0.0134 , 0.0151 , mentah
Copy of Tm93.png , 372.1386 , 609.5316 , 564.4488 , 372.1386 , 13.2683 , 16.7451 , 16.0167 , 13.2683 , 0.1858 , 0.1641 , 0.1693 , 0.1858 , 0.1227 , 0.1125 , 0.1158 , 0.1227 , 0.8876 , 0.8122 , 0.8274 , 0.8876 , 0.0151 , 0.0127 , 0.0134 , 0.0151 , mentah
Copy of Tm94.png , 599.8325 , 813.4241 , 785.4018 , 599.8325 , 15.3226 , 18.0116 , 17.1717 , 15.3226 , 0.2111 , 0.1922 , 0.2018 , 0.2111 , 0.1546 , 0.1432 , 0.1475 , 0.1546 , 0.9006 , 0.8633 , 0.8691 , 0.9006 , 0.0239 , 0.0205 , 0.0218 , 0.0239 , mentah
Copy of Tm95.png , 599.8325 , 813.4241 , 785.4018 , 599.8325 , 15.3226 , 18.0116 , 17.1717 , 15.3226 , 0.2111 , 0.1922 , 0.2018 , 0.2111 , 0.1546 , 0.1432 , 0.1475 , 0.1546 , 0.9006 , 0.8633 , 0.8691 , 0.9006 , 0.0239 , 0.0205 , 0.0218 , 0.0239 , mentah
Copy of Tm96.png , 599.8325 , 813.4241 , 785.4018 , 599.8325 , 15.3226 , 18.0116 , 17.1717 , 15.3226 , 0.2111 , 0.1922 , 0.2018 , 0.2111 , 0.1546 , 0.1432 , 0.1475 , 0.1546 , 0.9006 , 0.8633 , 0.8691 , 0.9006 , 0.0239 , 0.0205 , 0.0218 , 0.0239 , mentah
Copy of Tm97.png , 599.8325 , 813.4241 , 785.4018 , 599.8325 , 15.3226 , 18.0116 , 17.1717 , 15.3226 , 0.2111 , 0.1922 , 0.2018 , 0.2111 , 0.1546 , 0.1432 , 0.1475 , 0.1546 , 0.9006 , 0.8633 , 0.8691 , 0.9006 , 0.0239 , 0.0205 , 0.0218 , 0.0239 , mentah
Copy of Tm98.png , 599.8325 , 813.4241 , 785.4018 , 599.8325 , 15.3226 , 18.0116 , 17.1717 , 15.3226 , 0.2111 , 0.1922 , 0.2018 , 0.2111 , 0.1546 , 0.1432 , 0.1475 , 0.1546 , 0.9006 , 0.8633 , 0.8691 , 0.9006 , 0.0239 , 0.0205 , 0.0218 , 0.0239 , mentah
Copy of Tm99.png , 599.8325 , 813.4241 , 785.4018 , 599.8325 , 15.3226 , 18.0116 , 17.1717 , 15.3226 , 0.2111 , 0.1922 , 0.2018 , 0.2111 , 0.1546 , 0.1432 , 0.1475 , 0.1546 , 0.9006 , 0.8633 , 0.8691 , 0.9006 , 0.0239 , 0.0205 , 0.0218 , 0.0239 , mentah
IMG_20231113_105957.jpg , 51.9733 , 94.3921 , 85.6574 , 51.9733 , 4.5824 , 5.5624 , 5.3214 , 4.5824 , 0.2107 , 0.1893 , 0.1948 , 0.2107 , 0.0244 , 0.0232 , 0.0234 , 0.0244 , 0.9757 , 0.9554 , 0.9596 , 0.9757 , 0.0006 , 0.0005 , 0.0005 , 0.0006 , bukan
IMG_20231113_110534.jpg , 115.8526 , 150.8911 , 118.6438 , 115.8526 , 7.2322 , 8.1314 , 7.5234 , 7.2322 , 0.1646 , 0.1472 , 0.1581 , 0.1646 , 0.0219 , 0.0209 , 0.0214 , 0.0219 , 0.9446 , 0.9279 , 0.9431 , 0.9446 , 0.0005 , 0.0004 , 0.0005 , 0.0005 , bukan
IMG_20231113_110537.jpg , 119.5994 , 168.2655 , 153.4977 , 119.5994 , 7.5539 , 8.5202 , 8.2328 , 7.5539 , 0.136 , 0.1255 , 0.13 , 0.136 , 0.021 , 0.0205 , 0.0206 , 0.021 , 0.9295 , 0.9003 , 0.9088 , 0.9295 , 0.0004 , 0.0004 , 0.0004 , 0.0004 , bukan
IMG_20231113_110540.jpg , 286.4124 , 333.6686 , 318.7454 , 286.4124 , 12.2864 , 12.7458 , 12.5765 , 12.2864 , 0.0885 , 0.0873 , 0.0877 , 0.0885 , 0.0162 , 0.0163 , 0.0162 , 0.0162 , 0.8424 , 0.8153 , 0.8232 , 0.8424 , 0.0003 , 0.0003 , 0.0003 , 0.0003 , bukan
IMG_20231113_110543.jpg , 385.6208 , 481.9791 , 450.4553 , 385.6208 , 13.6802 , 15.1959 , 14.573 , 13.6802 , 0.0996 , 0.0892 , 0.0917 , 0.0996 , 0.0148 , 0.0144 , 0.0146 , 0.0148 , 0.8597 , 0.824 , 0.8352 , 0.8597 , 0.0002 , 0.0002 , 0.0002 , 0.0002 , bukan
IMG_20231113_110547.jpg , 118.3357 , 160.9446 , 148.2385 , 118.3357 , 7.1799 , 7.9761 , 7.5815 , 7.1799 , 0.1783 , 0.1669 , 0.1739 , 0.1783 , 0.0199 , 0.0196 , 0.0198 , 0.0199 , 0.9549 , 0.9386 , 0.9435 , 0.9549 , 0.0004 , 0.0004 , 0.0004 , 0.0004 , bukan
IMG_20231113_110550.jpg , 336.0874 , 342.5568 , 304.5345 , 336.0874 , 12.274 , 12.385 , 11.6236 , 12.274 , 0.1212 , 0.12 , 0.1325 , 0.1212 , 0.0174 , 0.0174 , 0.0178 , 0.0174 , 0.8725 , 0.8699 , 0.8842 , 0.8725 , 0.0003 , 0.0003 , 0.0003 , 0.0003 , bukan
IMG_20231113_110555.jpg , 264.856 , 282.9611 , 261.1356 , 264.856 , 11.5788 , 11.7847 , 11.5135 , 11.5788 , 0.106 , 0.1018 , 0.1059 , 0.106 , 0.0163 , 0.0162 , 0.0163 , 0.0163 , 0.8794 , 0.8709 , 0.8805 , 0.8794 , 0.0003 , 0.0003 , 0.0003 , 0.0003 , bukan
IMG_20231113_110559.jpg , 488.3578 , 549.4844 , 536.178 , 488.3578 , 15.0988 , 16.3476 , 15.9752 , 15.0988 , 0.107 , 0.095 , 0.1033 , 0.107 , 0.0159 , 0.0156 , 0.0155 , 0.0159 , 0.839 , 0.8196 , 0.8237 , 0.839 , 0.0003 , 0.0002 , 0.0002 , 0.0003 , bukan
IMG_20231113_110603.jpg , 148.4364 , 163.5272 , 131.9908 , 148.4364 , 7.941 , 8.5973 , 7.7641 , 7.941 , 0.1397 , 0.1267 , 0.1447 , 0.1397 , 0.0194 , 0.0188 , 0.0194 , 0.0194 , 0.9275 , 0.9202 , 0.9355 , 0.9275 , 0.0004 , 0.0004 , 0.0004 , 0.0004 , bukan
IMG_20231113_110606.jpg , 340.0006 , 395.5623 , 335.3817 , 340.0006 , 12.4301 , 13.086 , 12.0563 , 12.4301 , 0.1046 , 0.1 , 0.1149 , 0.1046 , 0.0154 , 0.0152 , 0.0156 , 0.0154 , 0.8803 , 0.8603 , 0.8817 , 0.8803 , 0.0002 , 0.0002 , 0.0002 , 0.0002 , bukan
IMG_20231113_110634.jpg , 342.2031 , 460.21 , 425.7822 , 342.2031 , 12.3316 , 14.6789 , 14.1117 , 12.3316 , 0.1235 , 0.097 , 0.1022 , 0.1235 , 0.0164 , 0.0151 , 0.0153 , 0.0164 , 0.8763 , 0.8329 , 0.8449 , 0.8763 , 0.0003 , 0.0002 , 0.0002 , 0.0003 , bukan
IMG_20231113_110637.jpg , 212.0316 , 236.4214 , 241.0938 , 212.0316 , 10.3961 , 10.503 , 10.8544 , 10.3961 , 0.1071 , 0.1048 , 0.1033 , 0.1071 , 0.0187 , 0.0188 , 0.0184 , 0.0187 , 0.8764 , 0.8617 , 0.8585 , 0.8764 , 0.0003 , 0.0004 , 0.0003 , 0.0003 , bukan
IMG_20231113_110641.jpg , 87.5535 , 125.129 , 108.8127 , 87.5535 , 6.3343 , 7.2371 , 6.9368 , 6.3343 , 0.1631 , 0.1478 , 0.149 , 0.1631 , 0.0222 , 0.0215 , 0.0217 , 0.0222 , 0.9563 , 0.9374 , 0.9454 , 0.9563 , 0.0005 , 0.0005 , 0.0005 , 0.0005 , bukan
IMG_20231113_110646.jpg , 158.5196 , 196.2176 , 188.2682 , 158.5196 , 8.178 , 9.2069 , 9.0449 , 8.178 , 0.1757 , 0.1515 , 0.1548 , 0.1757 , 0.0206 , 0.0198 , 0.0198 , 0.0206 , 0.95 , 0.938 , 0.9403 , 0.95 , 0.0004 , 0.0004 , 0.0004 , 0.0004 , bukan
IMG_20231113_110650.jpg , 157.0985 , 219.9983 , 200.5698 , 157.0985 , 8.168 , 9.8128 , 9.4413 , 8.168 , 0.1741 , 0.1454 , 0.1452 , 0.1741 , 0.0211 , 0.019 , 0.0192 , 0.0211 , 0.9535 , 0.9348 , 0.9404 , 0.9535 , 0.0004 , 0.0004 , 0.0004 , 0.0004 , bukan
IMG_20231113_110809.jpg , 448.7948 , 435.4166 , 407.1881 , 448.7948 , 13.3924 , 13.6519 , 13.1624 , 13.3924 , 0.1451 , 0.1249 , 0.1292 , 0.1451 , 0.0207 , 0.0189 , 0.019 , 0.0207 , 0.8569 , 0.8611 , 0.8695 , 0.8569 , 0.0004 , 0.0004 , 0.0004 , 0.0004 , bukan
IMG_20231113_110812.jpg , 135.8606 , 226.3947 , 213.5284 , 135.8606 , 7.7729 , 8.6642 , 8.5098 , 7.7729 , 0.1332 , 0.1215 , 0.1259 , 0.1332 , 0.0214 , 0.0211 , 0.021 , 0.0214 , 0.9213 , 0.8685 , 0.8756 , 0.9213 , 0.0005 , 0.0004 , 0.0004 , 0.0005 , bukan
IMG_20231113_110814.jpg , 213.6389 , 291.312 , 278.0886 , 213.6389 , 10.1841 , 11.4371 , 11.3868 , 10.1841 , 0.1109 , 0.1053 , 0.1008 , 0.1109 , 0.0177 , 0.0172 , 0.017 , 0.0177 , 0.9022 , 0.8663 , 0.8721 , 0.9022 , 0.0003 , 0.0003 , 0.0003 , 0.0003 , bukan
IMG_20231113_110817.jpg , 350.7427 , 371.3422 , 341.6751 , 350.7427 , 13.3654 , 13.6422 , 13.1122 , 13.3654 , 0.0956 , 0.0924 , 0.0921 , 0.0956 , 0.0157 , 0.0156 , 0.0156 , 0.0157 , 0.8614 , 0.8532 , 0.8648 , 0.8614 , 0.0002 , 0.0002 , 0.0002 , 0.0002 , bukan
IMG_20231113_110822.jpg , 203.9062 , 203.6624 , 155.5175 , 203.9062 , 9.288 , 9.2945 , 8.3884 , 9.288 , 0.1315 , 0.1337 , 0.1421 , 0.1315 , 0.0197 , 0.0197 , 0.0203 , 0.0197 , 0.9107 , 0.9109 , 0.932 , 0.9107 , 0.0004 , 0.0004 , 0.0004 , 0.0004 , bukan
IMG_20231113_110824.jpg , 467.5194 , 489.7245 , 471.3475 , 467.5194 , 14.8299 , 15.2956 , 14.6638 , 14.8299 , 0.106 , 0.1017 , 0.1098 , 0.106 , 0.016 , 0.0157 , 0.0163 , 0.016 , 0.8664 , 0.8599 , 0.8649 , 0.8664 , 0.0003 , 0.0002 , 0.0003 , 0.0003 , bukan
IMG_20231113_110833.jpg , 443.0523 , 433.2539 , 411.5355 , 443.0523 , 13.6255 , 13.8803 , 13.4548 , 13.6255 , 0.15 , 0.1271 , 0.1344 , 0.15 , 0.0203 , 0.0185 , 0.0186 , 0.0203 , 0.8429 , 0.8461 , 0.8533 , 0.8429 , 0.0004 , 0.0003 , 0.0003 , 0.0004 , bukan
IMG_20231113_110835.jpg , 66.7192 , 99.8383 , 85.5015 , 66.7192 , 5.2731 , 6.1138 , 5.8484 , 5.2731 , 0.1928 , 0.1757 , 0.1816 , 0.1928 , 0.0264 , 0.0255 , 0.0255 , 0.0264 , 0.9505 , 0.9257 , 0.9362 , 0.9505 , 0.0007 , 0.0006 , 0.0006 , 0.0007 , bukan
IMG_20231113_110838.jpg , 245.8107 , 258.7176 , 216.9785 , 245.8107 , 9.4093 , 9.7401 , 8.8132 , 9.4093 , 0.182 , 0.1735 , 0.195 , 0.182 , 0.0247 , 0.0242 , 0.0252 , 0.0247 , 0.8851 , 0.879 , 0.8984 , 0.8851 , 0.0006 , 0.0006 , 0.0006 , 0.0006 , bukan
IMG_20231113_110842.jpg , 88.8246 , 102.5582 , 71.3332 , 88.8246 , 5.744 , 6.2282 , 5.1977 , 5.744 , 0.2118 , 0.1993 , 0.2226 , 0.2118 , 0.0267 , 0.0256 , 0.0274 , 0.0267 , 0.9609 , 0.9548 , 0.9685 , 0.9609 , 0.0007 , 0.0007 , 0.0007 , 0.0007 , bukan
IMG_20231113_110849.jpg , 58.6857 , 85.3111 , 73.3887 , 58.6857 , 4.9384 , 5.8137 , 5.564 , 4.9384 , 0.2193 , 0.1933 , 0.1969 , 0.2193 , 0.0256 , 0.0238 , 0.024 , 0.0256 , 0.9713 , 0.9582 , 0.9639 , 0.9713 , 0.0007 , 0.0006 , 0.0006 , 0.0007 , bukan
IMG_20231113_110851.jpg , 164.5556 , 209.4458 , 189.8667 , 164.5556 , 8.9214 , 9.747 , 9.3164 , 8.9214 , 0.1259 , 0.1147 , 0.1212 , 0.1259 , 0.0203 , 0.0198 , 0.0201 , 0.0203 , 0.8848 , 0.8527 , 0.8662 , 0.8848 , 0.0004 , 0.0004 , 0.0004 , 0.0004 , bukan
IMG_20231113_110856.jpg , 412.5007 , 435.0557 , 417.6504 , 412.5007 , 13.0468 , 13.8379 , 13.4599 , 13.0468 , 0.143 , 0.1199 , 0.126 , 0.143 , 0.0191 , 0.0177 , 0.018 , 0.0191 , 0.8835 , 0.8769 , 0.8814 , 0.8835 , 0.0004 , 0.0003 , 0.0003 , 0.0004 , bukan
IMG_20231113_110953.jpg , 189.2374 , 230.9998 , 214.9991 , 189.2374 , 9.2606 , 10.2811 , 10.074 , 9.2606 , 0.146 , 0.1223 , 0.1232 , 0.146 , 0.0175 , 0.0163 , 0.0163 , 0.0175 , 0.9439 , 0.9312 , 0.9358 , 0.9439 , 0.0003 , 0.0003 , 0.0003 , 0.0003 , bukan
IMG_20231113_110955.jpg , 210.5387 , 231.9257 , 222.6173 , 210.5387 , 10.3039 , 10.473 , 10.3514 , 10.3039 , 0.1092 , 0.1102 , 0.1059 , 0.1092 , 0.0189 , 0.0191 , 0.0189 , 0.0189 , 0.8494 , 0.8328 , 0.8394 , 0.8494 , 0.0004 , 0.0004 , 0.0004 , 0.0004 , bukan
IMG_20231113_110958.jpg , 600.6312 , 608.8963 , 610.6307 , 600.6312 , 17.5175 , 17.6505 , 17.6432 , 17.5175 , 0.0822 , 0.0746 , 0.0759 , 0.0822 , 0.0142 , 0.0141 , 0.0141 , 0.0142 , 0.7489 , 0.7447 , 0.7434 , 0.7489 , 0.0002 , 0.0002 , 0.0002 , 0.0002 , bukan
IMG_20231113_111001.jpg , 135.8176 , 140.781 , 98.5274 , 135.8176 , 7.3972 , 7.3793 , 6.6506 , 7.3972 , 0.1621 , 0.1592 , 0.1702 , 0.1621 , 0.0198 , 0.0197 , 0.0202 , 0.0198 , 0.9405 , 0.9382 , 0.9567 , 0.9405 , 0.0004 , 0.0004 , 0.0004 , 0.0004 , bukan
IMG_20231113_111004.jpg , 184.9666 , 195.9412 , 159.3827 , 184.9666 , 8.9213 , 9.357 , 8.529 , 8.9213 , 0.1399 , 0.1308 , 0.1472 , 0.1399 , 0.0181 , 0.0177 , 0.0183 , 0.0181 , 0.9302 , 0.9259 , 0.9398 , 0.9302 , 0.0003 , 0.0003 , 0.0003 , 0.0003 , bukan
IMG_20231113_111007.jpg , 246.913 , 262.6299 , 235.8081 , 246.913 , 10.5987 , 11.1605 , 10.44 , 10.5987 , 0.1237 , 0.1133 , 0.1281 , 0.1237 , 0.0161 , 0.0157 , 0.0164 , 0.0161 , 0.9244 , 0.9195 , 0.9279 , 0.9244 , 0.0003 , 0.0002 , 0.0003 , 0.0003 , bukan
IMG_20231113_111014.jpg , 231.5613 , 249.5498 , 216.4938 , 231.5613 , 9.9437 , 10.3447 , 9.7516 , 9.9437 , 0.1501 , 0.1405 , 0.147 , 0.1501 , 0.0173 , 0.017 , 0.017 , 0.0173 , 0.9386 , 0.9333 , 0.9422 , 0.9386 , 0.0003 , 0.0003 , 0.0003 , 0.0003 , bukan
IMG_20231113_111022.jpg , 140.6306 , 158.5154 , 113.8278 , 140.6306 , 7.8759 , 8.2882 , 7.1837 , 7.8759 , 0.15 , 0.1423 , 0.1586 , 0.15 , 0.0186 , 0.0185 , 0.0191 , 0.0186 , 0.939 , 0.9313 , 0.951 , 0.939 , 0.0003 , 0.0003 , 0.0004 , 0.0003 , bukan
IMG_20231113_111035.jpg , 194.0489 , 207.399 , 189.4727 , 194.0489 , 8.916 , 9.3225 , 8.6487 , 8.916 , 0.1682 , 0.1667 , 0.1918 , 0.1682 , 0.0291 , 0.0288 , 0.0313 , 0.0291 , 0.8245 , 0.8135 , 0.8291 , 0.8245 , 0.0008 , 0.0008 , 0.001 , 0.0008 , bukan
IMG_20231113_111045.jpg , 54.3692 , 66.6136 , 63.3229 , 54.3692 , 4.6617 , 5.2325 , 5.0922 , 4.6617 , 0.2589 , 0.2251 , 0.2307 , 0.2589 , 0.0329 , 0.0309 , 0.0313 , 0.0329 , 0.954 , 0.9436 , 0.9462 , 0.954 , 0.0011 , 0.001 , 0.001 , 0.0011 , bukan
IMG_20231113_111048.jpg , 82.9861 , 107.8673 , 91.1401 , 82.9861 , 6.0562 , 6.6743 , 6.3003 , 6.0562 , 0.1765 , 0.1658 , 0.1677 , 0.1765 , 0.0243 , 0.0238 , 0.024 , 0.0243 , 0.9369 , 0.9178 , 0.9304 , 0.9369 , 0.0006 , 0.0006 , 0.0006 , 0.0006 , bukan
