nama citra | contrast(0) | contrast(45) | contrast(90) | contrast(135) | dissimilarity(0) | dissimilarity(45) | dissimilarity(90) | dissimilarity(135) | homogeneity(0) | homogeneity(45) | homogeneity(90) | homogeneity(135) | energy(0) | energy(45) | energy(90) | energy(135) | correlation(0) | correlation(45) | correlation(90) | correlation(135) | ASM(0) | ASM(45) | ASM(90) | ASM(135) | label
Copy of m10.png | 24026.4091 | 27115.3122 | 22627.3864 | 24026.4091 | 94.2212 | 106.3346 | 88.7348 | 94.2212 | 0.6305 | 0.583 | 0.652 | 0.6305 | 0.6044 | 0.5949 | 0.6095 | 0.6044 | 0.0801 | -0.0349 | 0.1336 | 0.0801 | 0.3653 | 0.3539 | 0.3715 | 0.3653 | matang
Copy of m100.png | 25386.0227 | 31414.4858 | 28676.6818 | 25386.0227 | 99.553 | 123.1941 | 112.4576 | 99.553 | 0.6096 | 0.5169 | 0.559 | 0.6096 | 0.5676 | 0.5558 | 0.5587 | 0.5676 | 0.1125 | -0.0946 | 0.0007 | 0.1125 | 0.3221 | 0.3089 | 0.3122 | 0.3221 | matang
Copy of m101.png | 21931.1591 | 25469.9495 | 22095.3636 | 21931.1591 | 86.0045 | 99.8822 | 86.6485 | 86.0045 | 0.6627 | 0.6083 | 0.6602 | 0.6627 | 0.6219 | 0.6088 | 0.6208 | 0.6219 | 0.1346 | -0.0015 | 0.1293 | 0.1346 | 0.3867 | 0.3706 | 0.3854 | 0.3867 | matang
Copy of m102.png | 21149.5455 | 24667.1717 | 20939.3636 | 21149.5455 | 82.9394 | 96.734 | 82.1152 | 82.9394 | 0.6748 | 0.6207 | 0.678 | 0.6748 | 0.6372 | 0.6233 | 0.6383 | 0.6372 | 0.1315 | -0.0089 | 0.1394 | 0.1315 | 0.406 | 0.3886 | 0.4075 | 0.406 | matang
Copy of m103.png | 23021.4773 | 28687.6951 | 25990.2955 | 23021.4773 | 90.2803 | 112.5008 | 101.9227 | 90.2803 | 0.646 | 0.5588 | 0.6003 | 0.646 | 0.5958 | 0.5794 | 0.5854 | 0.5958 | 0.1497 | -0.0561 | 0.0423 | 0.1497 | 0.3549 | 0.3357 | 0.3427 | 0.3549 | matang
Copy of m104.png | 22594.5455 | 27632.8053 | 25083.8864 | 22594.5455 | 88.6061 | 108.3639 | 98.3682 | 88.6061 | 0.6525 | 0.575 | 0.6142 | 0.6525 | 0.607 | 0.5909 | 0.5979 | 0.607 | 0.1416 | -0.0454 | 0.0488 | 0.1416 | 0.3685 | 0.3491 | 0.3575 | 0.3685 | matang
Copy of m105.png | 23704.5682 | 27845.1102 | 24959.0909 | 23704.5682 | 92.9591 | 109.1965 | 97.8788 | 92.9591 | 0.6355 | 0.5718 | 0.6162 | 0.6355 | 0.5969 | 0.5843 | 0.5921 | 0.5969 | 0.1152 | -0.0351 | 0.0704 | 0.1152 | 0.3563 | 0.3415 | 0.3506 | 0.3563 | matang
Copy of m106.png | 22285.8409 | 25695.5234 | 22200.4545 | 22285.8409 | 87.3955 | 100.7668 | 87.0606 | 87.3955 | 0.6573 | 0.6048 | 0.6586 | 0.6573 | 0.6188 | 0.6063 | 0.6195 | 0.6188 | 0.1253 | -0.0045 | 0.1277 | 0.1253 | 0.3829 | 0.3676 | 0.3838 | 0.3829 | matang
Copy of m107.png | 23205.3864 | 25934.3664 | 22489.4545 | 23205.3864 | 91.0015 | 101.7034 | 88.1939 | 91.0015 | 0.6431 | 0.6012 | 0.6541 | 0.6431 | 0.6118 | 0.6021 | 0.6141 | 0.6118 | 0.0992 | -0.0027 | 0.1279 | 0.0992 | 0.3743 | 0.3625 | 0.3772 | 0.3743 | matang
Copy of m108.png | 23796.5227 | 27891.5519 | 25386.0227 | 23796.5227 | 93.3197 | 109.3786 | 99.553 | 93.3197 | 0.634 | 0.5711 | 0.6096 | 0.634 | 0.5968 | 0.5845 | 0.5906 | 0.5968 | 0.1114 | -0.0376 | 0.0552 | 0.1114 | 0.3561 | 0.3417 | 0.3488 | 0.3561 | matang
Copy of m109.png | 23310.4773 | 27520.0184 | 24348.25 | 23310.4773 | 91.4136 | 107.9216 | 95.4833 | 91.4136 | 0.6415 | 0.5768 | 0.6256 | 0.6415 | 0.6038 | 0.5909 | 0.6002 | 0.6038 | 0.1158 | -0.0405 | 0.0767 | 0.1158 | 0.3646 | 0.3492 | 0.3602 | 0.3646 | matang
Copy of m11.png | 24735.7727 | 27002.5253 | 22857.2727 | 24735.7727 | 97.003 | 105.8923 | 89.6364 | 97.003 | 0.6196 | 0.5847 | 0.6485 | 0.6196 | 0.5966 | 0.5892 | 0.6031 | 0.5966 | 0.0685 | -0.0129 | 0.139 | 0.0685 | 0.3559 | 0.3472 | 0.3638 | 0.3559 | matang
Copy of m110.png | 22955.7955 | 26591.1846 | 22587.9773 | 22955.7955 | 90.0227 | 104.2792 | 88.5803 | 90.0227 | 0.647 | 0.5911 | 0.6526 | 0.647 | 0.6138 | 0.6015 | 0.6149 | 0.6138 | 0.1058 | -0.0313 | 0.121 | 0.1058 | 0.3768 | 0.3618 | 0.3781 | 0.3768 | matang
Copy of m111.png | 21996.8409 | 25350.528 | 21740.6818 | 21996.8409 | 86.2621 | 99.4138 | 85.2576 | 86.2621 | 0.6617 | 0.6101 | 0.6657 | 0.6617 | 0.6235 | 0.6108 | 0.624 | 0.6235 | 0.1269 | -0.002 | 0.1385 | 0.1269 | 0.3887 | 0.373 | 0.3894 | 0.3887 | matang
Copy of m112.png | 20867.1136 | 24335.4454 | 21629.0227 | 20867.1136 | 81.8318 | 95.4331 | 84.8197 | 81.8318 | 0.6791 | 0.6258 | 0.6674 | 0.6791 | 0.6345 | 0.6206 | 0.6311 | 0.6345 | 0.1543 | 0.017 | 0.1241 | 0.1543 | 0.4026 | 0.3851 | 0.3983 | 0.4026 | matang
Copy of m113.png | 19980.4091 | 24726.8825 | 22890.1136 | 19980.4091 | 78.3545 | 96.9682 | 89.7652 | 78.3545 | 0.6927 | 0.6197 | 0.648 | 0.6927 | 0.638 | 0.6185 | 0.6256 | 0.638 | 0.1916 | 0.0039 | 0.075 | 0.1916 | 0.407 | 0.3826 | 0.3914 | 0.407 | matang
Copy of m114.png | 19454.9545 | 24136.4096 | 22450.0455 | 19454.9545 | 76.2939 | 94.6526 | 88.0394 | 76.2939 | 0.7008 | 0.6288 | 0.6548 | 0.7008 | 0.6461 | 0.6264 | 0.6328 | 0.6461 | 0.1976 | 0.0079 | 0.0756 | 0.1976 | 0.4175 | 0.3924 | 0.4005 | 0.4175 | matang
Copy of m115.png | 23842.5 | 27831.8411 | 25372.8864 | 23842.5 | 93.5 | 109.1445 | 99.5015 | 93.5 | 0.6333 | 0.572 | 0.6098 | 0.6333 | 0.5972 | 0.5854 | 0.5919 | 0.5972 | 0.1081 | -0.0376 | 0.0522 | 0.1081 | 0.3567 | 0.3427 | 0.3504 | 0.3567 | matang
Copy of m116.png | 20236.5682 | 23313.7282 | 19829.3409 | 20236.5682 | 79.3591 | 91.4264 | 77.7621 | 79.3591 | 0.6888 | 0.6415 | 0.6951 | 0.6888 | 0.6501 | 0.6364 | 0.6509 | 0.6501 | 0.1426 | 0.0177 | 0.163 | 0.1426 | 0.4227 | 0.405 | 0.4237 | 0.4227 | matang
Copy of m117.png | 21931.1591 | 25184.6648 | 22088.7955 | 21931.1591 | 86.0045 | 98.7634 | 86.6227 | 86.0045 | 0.6627 | 0.6127 | 0.6603 | 0.6627 | 0.6218 | 0.6094 | 0.621 | 0.6218 | 0.1348 | 0.0103 | 0.129 | 0.1348 | 0.3866 | 0.3714 | 0.3857 | 0.3866 | matang
Copy of m118.png | 22515.7273 | 26478.3976 | 25188.9773 | 22515.7273 | 88.297 | 103.8369 | 98.7803 | 88.297 | 0.6537 | 0.5928 | 0.6126 | 0.6537 | 0.6115 | 0.5975 | 0.6012 | 0.6115 | 0.1337 | -0.014 | 0.0344 | 0.1337 | 0.3739 | 0.357 | 0.3615 | 0.3739 | matang
Copy of m119.png | 20190.5909 | 26060.4224 | 24223.4545 | 20190.5909 | 79.1788 | 102.1977 | 94.9939 | 79.1788 | 0.6895 | 0.5992 | 0.6275 | 0.6895 | 0.6292 | 0.6067 | 0.6128 | 0.6292 | 0.2038 | -0.0231 | 0.0466 | 0.2038 | 0.3959 | 0.3681 | 0.3755 | 0.3959 | matang
Copy of m12.png | 24735.7727 | 27002.5253 | 22857.2727 | 24735.7727 | 97.003 | 105.8923 | 89.6364 | 97.003 | 0.6196 | 0.5847 | 0.6485 | 0.6196 | 0.5966 | 0.5892 | 0.6031 | 0.5966 | 0.0685 | -0.0129 | 0.139 | 0.0685 | 0.3559 | 0.3472 | 0.3638 | 0.3559 | matang
Copy of m120.png | 18338.3636 | 23426.5152 | 21234.9318 | 18338.3636 | 71.9152 | 91.8687 | 83.2742 | 71.9152 | 0.718 | 0.6397 | 0.6734 | 0.718 | 0.6598 | 0.637 | 0.6459 | 0.6598 | 0.2213 | 0.0096 | 0.1003 | 0.2213 | 0.4354 | 0.4058 | 0.4171 | 0.4354 | matang
Copy of m126.png | 21799.7955 | 25410.2388 | 21707.8409 | 21799.7955 | 85.4894 | 99.648 | 85.1288 | 85.4894 | 0.6648 | 0.6092 | 0.6662 | 0.6648 | 0.6296 | 0.6161 | 0.6302 | 0.6296 | 0.1195 | -0.0221 | 0.1225 | 0.1195 | 0.3964 | 0.3796 | 0.3972 | 0.3964 | matang
Copy of m127.png | 23415.5682 | 27712.4197 | 25537.0909 | 23415.5682 | 91.8258 | 108.6762 | 100.1455 | 91.8258 | 0.6399 | 0.5738 | 0.6073 | 0.6399 | 0.6008 | 0.5876 | 0.5931 | 0.6008 | 0.1187 | -0.039 | 0.0415 | 0.1187 | 0.361 | 0.3453 | 0.3518 | 0.361 | matang
Copy of m128.png | 22633.9545 | 27102.0432 | 24387.6591 | 22633.9545 | 88.7606 | 106.2825 | 95.6379 | 88.7606 | 0.6519 | 0.5832 | 0.625 | 0.6519 | 0.6106 | 0.5962 | 0.6041 | 0.6106 | 0.1303 | -0.0381 | 0.0639 | 0.1303 | 0.3728 | 0.3554 | 0.365 | 0.3728 | matang
Copy of m129.png | 19402.4091 | 23479.5914 | 20486.1591 | 19402.4091 | 76.0879 | 92.0768 | 80.3379 | 76.0879 | 0.7016 | 0.6389 | 0.685 | 0.7016 | 0.6535 | 0.6361 | 0.6486 | 0.6535 | 0.1795 | 0.0097 | 0.1332 | 0.1795 | 0.427 | 0.4047 | 0.4207 | 0.427 | matang
Copy of m13.png | 24735.7727 | 27002.5253 | 22857.2727 | 24735.7727 | 97.003 | 105.8923 | 89.6364 | 97.003 | 0.6196 | 0.5847 | 0.6485 | 0.6196 | 0.5966 | 0.5892 | 0.6031 | 0.5966 | 0.0685 | -0.0129 | 0.139 | 0.0685 | 0.3559 | 0.3472 | 0.3638 | 0.3559 | matang
Copy of m130.png | 21675.0 | 25496.4876 | 22732.4773 | 21675.0 | 85.0 | 99.9862 | 89.147 | 85.0 | 0.6667 | 0.6079 | 0.6504 | 0.6667 | 0.6233 | 0.6088 | 0.6184 | 0.6233 | 0.1438 | -0.0028 | 0.1041 | 0.1438 | 0.3885 | 0.3706 | 0.3824 | 0.3885 | matang
Copy of m131.png | 23665.1591 | 25841.483 | 20243.1364 | 23665.1591 | 92.8045 | 101.3391 | 79.3848 | 92.8045 | 0.6361 | 0.6026 | 0.6887 | 0.6361 | 0.6154 | 0.6073 | 0.6288 | 0.6154 | 0.0664 | -0.0146 | 0.2021 | 0.0664 | 0.3787 | 0.3689 | 0.3954 | 0.3787 | matang
Copy of m132.png | 25372.8864 | 28004.3388 | 23448.4091 | 25372.8864 | 99.5015 | 109.8209 | 91.9545 | 99.5015 | 0.6098 | 0.5693 | 0.6394 | 0.6098 | 0.5944 | 0.5868 | 0.5999 | 0.5944 | 0.0454 | -0.0491 | 0.1194 | 0.0454 | 0.3533 | 0.3443 | 0.3599 | 0.3533 | matang
Copy of m133.png | 25438.5682 | 28541.7355 | 25149.5682 | 25438.5682 | 99.7591 | 111.9284 | 98.6258 | 99.7591 | 0.6088 | 0.5611 | 0.6132 | 0.6088 | 0.5871 | 0.5791 | 0.5875 | 0.5871 | 0.0621 | -0.049 | 0.074 | 0.0621 | 0.3447 | 0.3353 | 0.3451 | 0.3447 | matang
Copy of m134.png | 19251.3409 | 22836.0422 | 20748.8864 | 19251.3409 | 75.4955 | 89.5531 | 81.3682 | 75.4955 | 0.7039 | 0.6488 | 0.6809 | 0.7039 | 0.6566 | 0.6401 | 0.6492 | 0.6566 | 0.1788 | 0.031 | 0.1167 | 0.1788 | 0.4311 | 0.4097 | 0.4215 | 0.4311 | matang
Copy of m135.png | 22134.7727 | 28123.7603 | 25832.6591 | 22134.7727 | 86.803 | 110.2893 | 101.3045 | 86.803 | 0.6596 | 0.5675 | 0.6027 | 0.6596 | 0.6054 | 0.5864 | 0.5921 | 0.6054 | 0.1677 | -0.0531 | 0.031 | 0.1677 | 0.3665 | 0.3439 | 0.3506 | 0.3665 | matang
Copy of m136.png | 24203.75 | 30518.8246 | 28827.75 | 24203.75 | 94.9167 | 119.6817 | 113.05 | 94.9167 | 0.6278 | 0.5307 | 0.5567 | 0.6278 | 0.5765 | 0.5616 | 0.564 | 0.5765 | 0.1423 | -0.0776 | -0.0189 | 0.1423 | 0.3323 | 0.3154 | 0.3181 | 0.3323 | matang
Copy of m137.png | 14463.1364 | 17554.9587 | 15080.5455 | 14463.1364 | 56.7182 | 68.843 | 59.1394 | 56.7182 | 0.7776 | 0.73 | 0.7681 | 0.7776 | 0.7311 | 0.7138 | 0.7271 | 0.7311 | 0.2399 | 0.0797 | 0.2088 | 0.2399 | 0.5344 | 0.5096 | 0.5287 | 0.5344 | matang
Copy of m138.png | 24361.3864 | 27878.2828 | 23573.2045 | 24361.3864 | 95.5348 | 109.3266 | 92.4439 | 95.5348 | 0.6254 | 0.5713 | 0.6375 | 0.6254 | 0.599 | 0.5887 | 0.6011 | 0.599 | 0.0792 | -0.0496 | 0.1107 | 0.0792 | 0.3589 | 0.3466 | 0.3613 | 0.3589 | matang
Copy of m139.png | 22285.8409 | 25695.5234 | 22200.4545 | 22285.8409 | 87.3955 | 100.7668 | 87.0606 | 87.3955 | 0.6573 | 0.6048 | 0.6586 | 0.6573 | 0.6188 | 0.6063 | 0.6195 | 0.6188 | 0.1253 | -0.0045 | 0.1277 | 0.1253 | 0.3829 | 0.3676 | 0.3838 | 0.3829 | matang
Copy of m14.png | 24735.7727 | 27002.5253 | 22857.2727 | 24735.7727 | 97.003 | 105.8923 | 89.6364 | 97.003 | 0.6196 | 0.5847 | 0.6485 | 0.6196 | 0.5966 | 0.5892 | 0.6031 | 0.5966 | 0.0685 | -0.0129 | 0.139 | 0.0685 | 0.3559 | 0.3472 | 0.3638 | 0.3559 | matang
Copy of m140.png | 23205.3864 | 25934.3664 | 22489.4545 | 23205.3864 | 91.0015 | 101.7034 | 88.1939 | 91.0015 | 0.6431 | 0.6012 | 0.6541 | 0.6431 | 0.6118 | 0.6021 | 0.6141 | 0.6118 | 0.0992 | -0.0027 | 0.1279 | 0.0992 | 0.3743 | 0.3625 | 0.3772 | 0.3743 | matang
Copy of m141.png | 23796.5227 | 27891.5519 | 25386.0227 | 23796.5227 | 93.3197 | 109.3786 | 99.553 | 93.3197 | 0.634 | 0.5711 | 0.6096 | 0.634 | 0.5968 | 0.5845 | 0.5906 | 0.5968 | 0.1114 | -0.0376 | 0.0552 | 0.1114 | 0.3561 | 0.3417 | 0.3488 | 0.3561 | matang
Copy of m142.png | 23310.4773 | 27520.0184 | 24348.25 | 23310.4773 | 91.4136 | 107.9216 | 95.4833 | 91.4136 | 0.6415 | 0.5768 | 0.6256 | 0.6415 | 0.6038 | 0.5909 | 0.6002 | 0.6038 | 0.1158 | -0.0405 | 0.0767 | 0.1158 | 0.3646 | 0.3492 | 0.3602 | 0.3646 | matang
Copy of m143.png | 22955.7955 | 26591.1846 | 22587.9773 | 22955.7955 | 90.0227 | 104.2792 | 88.5803 | 90.0227 | 0.647 | 0.5911 | 0.6526 | 0.647 | 0.6138 | 0.6015 | 0.6149 | 0.6138 | 0.1058 | -0.0313 | 0.121 | 0.1058 | 0.3768 | 0.3618 | 0.3781 | 0.3768 | matang
Copy of m144.png | 21996.8409 | 25350.528 | 21740.6818 | 21996.8409 | 86.2621 | 99.4138 | 85.2576 | 86.2621 | 0.6617 | 0.6101 | 0.6657 | 0.6617 | 0.6235 | 0.6108 | 0.624 | 0.6235 | 0.1269 | -0.002 | 0.1385 | 0.1269 | 0.3887 | 0.373 | 0.3894 | 0.3887 | matang
Copy of m145.png | 18338.3636 | 23426.5152 | 21234.9318 | 18338.3636 | 71.9152 | 91.8687 | 83.2742 | 71.9152 | 0.718 | 0.6397 | 0.6734 | 0.718 | 0.6598 | 0.637 | 0.6459 | 0.6598 | 0.2213 | 0.0096 | 0.1003 | 0.2213 | 0.4354 | 0.4058 | 0.4171 | 0.4354 | matang
Copy of m146.png | 24473.0455 | 28097.2222 | 25320.3409 | 24473.0455 | 95.9727 | 110.1852 | 99.2955 | 95.9727 | 0.6236 | 0.5679 | 0.6106 | 0.6236 | 0.5931 | 0.5827 | 0.5899 | 0.5931 | 0.09 | -0.0409 | 0.0599 | 0.09 | 0.3517 | 0.3395 | 0.348 | 0.3517 | matang
Copy of m147.png | 24131.5 | 27301.079 | 24453.3409 | 24131.5 | 94.6333 | 107.0631 | 95.8955 | 94.6333 | 0.6289 | 0.5802 | 0.6239 | 0.6289 | 0.5992 | 0.5891 | 0.5974 | 0.5992 | 0.0895 | -0.0255 | 0.0794 | 0.0895 | 0.359 | 0.347 | 0.3569 | 0.359 | matang
Copy of m148.png | 18916.3636 | 21475.9642 | 18870.3864 | 18916.3636 | 74.1818 | 84.2195 | 74.0015 | 74.1818 | 0.7091 | 0.6697 | 0.7098 | 0.7091 | 0.6649 | 0.6526 | 0.6653 | 0.6649 | 0.1728 | 0.0641 | 0.1742 | 0.1728 | 0.442 | 0.4259 | 0.4426 | 0.442 | matang
Copy of m149.png | 20216.8636 | 24328.8108 | 21418.8409 | 20216.8636 | 79.2818 | 95.4071 | 83.9955 | 79.2818 | 0.6891 | 0.6259 | 0.6706 | 0.6891 | 0.6424 | 0.6258 | 0.6376 | 0.6424 | 0.1666 | 0.0002 | 0.116 | 0.1666 | 0.4127 | 0.3916 | 0.4065 | 0.4127 | matang
Copy of m15.png | 22725.9091 | 24899.3802 | 21891.75 | 22725.9091 | 89.1212 | 97.6446 | 85.85 | 89.1212 | 0.6505 | 0.6171 | 0.6633 | 0.6505 | 0.6208 | 0.612 | 0.6234 | 0.6208 | 0.0976 | 0.0161 | 0.1324 | 0.0976 | 0.3853 | 0.3745 | 0.3887 | 0.3853 | matang
Copy of m155.png | 23665.1591 | 25841.483 | 20243.1364 | 23665.1591 | 92.8045 | 101.3391 | 79.3848 | 92.8045 | 0.6361 | 0.6026 | 0.6887 | 0.6361 | 0.6154 | 0.6073 | 0.6288 | 0.6154 | 0.0664 | -0.0146 | 0.2021 | 0.0664 | 0.3787 | 0.3689 | 0.3954 | 0.3787 | matang
Copy of m156.png | 25372.8864 | 28004.3388 | 23448.4091 | 25372.8864 | 99.5015 | 109.8209 | 91.9545 | 99.5015 | 0.6098 | 0.5693 | 0.6394 | 0.6098 | 0.5944 | 0.5868 | 0.5999 | 0.5944 | 0.0454 | -0.0491 | 0.1194 | 0.0454 | 0.3533 | 0.3443 | 0.3599 | 0.3533 | matang
Copy of m16.png | 22725.9091 | 24899.3802 | 21891.75 | 22725.9091 | 89.1212 | 97.6446 | 85.85 | 89.1212 | 0.6505 | 0.6171 | 0.6633 | 0.6505 | 0.6208 | 0.612 | 0.6234 | 0.6208 | 0.0976 | 0.0161 | 0.1324 | 0.0976 | 0.3853 | 0.3745 | 0.3887 | 0.3853 | matang
Copy of m17.png | 22725.9091 | 24899.3802 | 21891.75 | 22725.9091 | 89.1212 | 97.6446 | 85.85 | 89.1212 | 0.6505 | 0.6171 | 0.6633 | 0.6505 | 0.6208 | 0.612 | 0.6234 | 0.6208 | 0.0976 | 0.0161 | 0.1324 | 0.0976 | 0.3853 | 0.3745 | 0.3887 | 0.3853 | matang
Copy of m18.png | 22725.9091 | 24899.3802 | 21891.75 | 22725.9091 | 89.1212 | 97.6446 | 85.85 | 89.1212 | 0.6505 | 0.6171 | 0.6633 | 0.6505 | 0.6208 | 0.612 | 0.6234 | 0.6208 | 0.0976 | 0.0161 | 0.1324 | 0.0976 | 0.3853 | 0.3745 | 0.3887 | 0.3853 | matang
Copy of m19.png | 22725.9091 | 24899.3802 | 21891.75 | 22725.9091 | 89.1212 | 97.6446 | 85.85 | 89.1212 | 0.6505 | 0.6171 | 0.6633 | 0.6505 | 0.6208 | 0.612 | 0.6234 | 0.6208 | 0.0976 | 0.0161 | 0.1324 | 0.0976 | 0.3853 | 0.3745 | 0.3887 | 0.3853 | matang
Copy of m20.png | 22725.9091 | 24899.3802 | 21891.75 | 22725.9091 | 89.1212 | 97.6446 | 85.85 | 89.1212 | 0.6505 | 0.6171 | 0.6633 | 0.6505 | 0.6208 | 0.612 | 0.6234 | 0.6208 | 0.0976 | 0.0161 | 0.1324 | 0.0976 | 0.3853 | 0.3745 | 0.3887 | 0.3853 | matang
Copy of m21.png | 11829.2955 | 12214.1644 | 10233.2273 | 11829.2955 | 46.3894 | 47.8987 | 40.1303 | 46.3894 | 0.8181 | 0.8122 | 0.8426 | 0.8181 | 0.785 | 0.7822 | 0.7954 | 0.785 | 0.226 | 0.203 | 0.3298 | 0.226 | 0.6162 | 0.6118 | 0.6326 | 0.6162 | matang
Copy of m22.png | 11829.2955 | 12214.1644 | 10233.2273 | 11829.2955 | 46.3894 | 47.8987 | 40.1303 | 46.3894 | 0.8181 | 0.8122 | 0.8426 | 0.8181 | 0.785 | 0.7822 | 0.7954 | 0.785 | 0.226 | 0.203 | 0.3298 | 0.226 | 0.6162 | 0.6118 | 0.6326 | 0.6162 | matang
Copy of m23.png | 11829.2955 | 12214.1644 | 10233.2273 | 11829.2955 | 46.3894 | 47.8987 | 40.1303 | 46.3894 | 0.8181 | 0.8122 | 0.8426 | 0.8181 | 0.785 | 0.7822 | 0.7954 | 0.785 | 0.226 | 0.203 | 0.3298 | 0.226 | 0.6162 | 0.6118 | 0.6326 | 0.6162 | matang
Copy of m24.png | 15257.8864 | 17010.9275 | 13931.1136 | 15257.8864 | 59.8348 | 66.7095 | 54.6318 | 59.8348 | 0.7654 | 0.7384 | 0.7858 | 0.7654 | 0.7265 | 0.716 | 0.7338 | 0.7265 | 0.1979 | 0.1106 | 0.2693 | 0.1979 | 0.5279 | 0.5127 | 0.5385 | 0.5279 | matang
Copy of m25.png | 15257.8864 | 17010.9275 | 13931.1136 | 15257.8864 | 59.8348 | 66.7095 | 54.6318 | 59.8348 | 0.7654 | 0.7384 | 0.7858 | 0.7654 | 0.7265 | 0.716 | 0.7338 | 0.7265 | 0.1979 | 0.1106 | 0.2693 | 0.1979 | 0.5279 | 0.5127 | 0.5385 | 0.5279 | matang
Copy of m26.png | 15257.8864 | 17010.9275 | 13931.1136 | 15257.8864 | 59.8348 | 66.7095 | 54.6318 | 59.8348 | 0.7654 | 0.7384 | 0.7858 | 0.7654 | 0.7265 | 0.716 | 0.7338 | 0.7265 | 0.1979 | 0.1106 | 0.2693 | 0.1979 | 0.5279 | 0.5127 | 0.5385 | 0.5279 | matang
Copy of m27.png | 21188.9545 | 24262.4656 | 21169.25 | 21188.9545 | 83.0939 | 95.1469 | 83.0167 | 83.0939 | 0.6741 | 0.6269 | 0.6744 | 0.6741 | 0.6343 | 0.6217 | 0.6343 | 0.6343 | 0.138 | 0.017 | 0.1389 | 0.138 | 0.4023 | 0.3865 | 0.4024 | 0.4023 | matang
Copy of m28.png | 21188.9545 | 24262.4656 | 21169.25 | 21188.9545 | 83.0939 | 95.1469 | 83.0167 | 83.0939 | 0.6741 | 0.6269 | 0.6744 | 0.6741 | 0.6343 | 0.6217 | 0.6343 | 0.6343 | 0.138 | 0.017 | 0.1389 | 0.138 | 0.4023 | 0.3865 | 0.4024 | 0.4023 | matang
Copy of m29.png | 21188.9545 | 24262.4656 | 21169.25 | 21188.9545 | 83.0939 | 95.1469 | 83.0167 | 83.0939 | 0.6741 | 0.6269 | 0.6744 | 0.6741 | 0.6343 | 0.6217 | 0.6343 | 0.6343 | 0.138 | 0.017 | 0.1389 | 0.138 | 0.4023 | 0.3865 | 0.4024 | 0.4023 | matang
Copy of m30 (copy).png | 21484.5227 | 23997.0845 | 20808.0 | 21484.5227 | 84.253 | 94.1062 | 81.6 | 84.253 | 0.6696 | 0.631 | 0.68 | 0.6696 | 0.6356 | 0.6251 | 0.6384 | 0.6356 | 0.1183 | 0.0197 | 0.1462 | 0.1183 | 0.404 | 0.3907 | 0.4076 | 0.404 | matang
Copy of m36.png | 23612.6136 | 26425.3214 | 22279.2727 | 23612.6136 | 92.5985 | 103.6287 | 87.3697 | 92.5985 | 0.6369 | 0.5936 | 0.6574 | 0.6369 | 0.6083 | 0.5988 | 0.6129 | 0.6083 | 0.0891 | -0.0156 | 0.1414 | 0.0891 | 0.3701 | 0.3586 | 0.3757 | 0.3701 | matang
Copy of m37 (copy).png | 22936.0909 | 25058.6088 | 20880.25 | 22936.0909 | 89.9455 | 98.2691 | 81.8833 | 89.9455 | 0.6473 | 0.6146 | 0.6789 | 0.6473 | 0.6204 | 0.6122 | 0.6287 | 0.6204 | 0.0879 | 0.0076 | 0.1698 | 0.0879 | 0.385 | 0.3748 | 0.3952 | 0.385 | matang
Copy of m37.png | 22936.0909 | 25058.6088 | 20880.25 | 22936.0909 | 89.9455 | 98.2691 | 81.8833 | 89.9455 | 0.6473 | 0.6146 | 0.6789 | 0.6473 | 0.6204 | 0.6122 | 0.6287 | 0.6204 | 0.0879 | 0.0076 | 0.1698 | 0.0879 | 0.385 | 0.3748 | 0.3952 | 0.385 | matang
Copy of m39.png | 22936.0909 | 25058.6088 | 20880.25 | 22936.0909 | 89.9455 | 98.2691 | 81.8833 | 89.9455 | 0.6473 | 0.6146 | 0.6789 | 0.6473 | 0.6204 | 0.6122 | 0.6287 | 0.6204 | 0.0879 | 0.0076 | 0.1698 | 0.0879 | 0.385 | 0.3748 | 0.3952 | 0.385 | matang
Copy of m40.png | 17780.0682 | 19823.9669 | 17635.5682 | 17780.0682 | 69.7258 | 77.741 | 69.1591 | 69.7258 | 0.7266 | 0.6951 | 0.7288 | 0.7266 | 0.6854 | 0.6747 | 0.6858 | 0.6854 | 0.1752 | 0.084 | 0.183 | 0.1752 | 0.4698 | 0.4552 | 0.4704 | 0.4698 | matang
Copy of m41.png | 17780.0682 | 19823.9669 | 17635.5682 | 17780.0682 | 69.7258 | 77.741 | 69.1591 | 69.7258 | 0.7266 | 0.6951 | 0.7288 | 0.7266 | 0.6854 | 0.6747 | 0.6858 | 0.6854 | 0.1752 | 0.084 | 0.183 | 0.1752 | 0.4698 | 0.4552 | 0.4704 | 0.4698 | matang
Copy of m42.png | 17780.0682 | 19823.9669 | 17635.5682 | 17780.0682 | 69.7258 | 77.741 | 69.1591 | 69.7258 | 0.7266 | 0.6951 | 0.7288 | 0.7266 | 0.6854 | 0.6747 | 0.6858 | 0.6854 | 0.1752 | 0.084 | 0.183 | 0.1752 | 0.4698 | 0.4552 | 0.4704 | 0.4698 | matang
Copy of m43.png | 19336.7273 | 21383.0808 | 18830.9773 | 19336.7273 | 75.8303 | 83.8552 | 73.847 | 75.8303 | 0.7026 | 0.6712 | 0.7104 | 0.7026 | 0.6621 | 0.6522 | 0.6648 | 0.6621 | 0.1568 | 0.0708 | 0.1779 | 0.1568 | 0.4384 | 0.4254 | 0.442 | 0.4384 | matang
Copy of m44.png | 19336.7273 | 21383.0808 | 18830.9773 | 19336.7273 | 75.8303 | 83.8552 | 73.847 | 75.8303 | 0.7026 | 0.6712 | 0.7104 | 0.7026 | 0.6621 | 0.6522 | 0.6648 | 0.6621 | 0.1568 | 0.0708 | 0.1779 | 0.1568 | 0.4384 | 0.4254 | 0.442 | 0.4384 | matang
Copy of m45.png | 19336.7273 | 21383.0808 | 18830.9773 | 19336.7273 | 75.8303 | 83.8552 | 73.847 | 75.8303 | 0.7026 | 0.6712 | 0.7104 | 0.7026 | 0.6621 | 0.6522 | 0.6648 | 0.6621 | 0.1568 | 0.0708 | 0.1779 | 0.1568 | 0.4384 | 0.4254 | 0.442 | 0.4384 | matang
Copy of m46.png | 20906.5227 | 21396.3499 | 14962.3182 | 20906.5227 | 81.9864 | 83.9073 | 58.6758 | 81.9864 | 0.6785 | 0.671 | 0.7699 | 0.6785 | 0.6695 | 0.6667 | 0.6997 | 0.6695 | 0.0363 | 0.0171 | 0.3094 | 0.0363 | 0.4482 | 0.4444 | 0.4896 | 0.4482 | matang
Copy of m47.png | 20906.5227 | 21396.3499 | 14962.3182 | 20906.5227 | 81.9864 | 83.9073 | 58.6758 | 81.9864 | 0.6785 | 0.671 | 0.7699 | 0.6785 | 0.6695 | 0.6667 | 0.6997 | 0.6695 | 0.0363 | 0.0171 | 0.3094 | 0.0363 | 0.4482 | 0.4444 | 0.4896 | 0.4482 | matang
Copy of m48.png | 20906.5227 | 21396.3499 | 14962.3182 | 20906.5227 | 81.9864 | 83.9073 | 58.6758 | 81.9864 | 0.6785 | 0.671 | 0.7699 | 0.6785 | 0.6695 | 0.6667 | 0.6997 | 0.6695 | 0.0363 | 0.0171 | 0.3094 | 0.0363 | 0.4482 | 0.4444 | 0.4896 | 0.4482 | matang
Copy of m49.png | 12709.4318 | 13925.8724 | 11560.0 | 12709.4318 | 49.8409 | 54.6113 | 45.3333 | 49.8409 | 0.8045 | 0.7858 | 0.8222 | 0.8045 | 0.7697 | 0.7619 | 0.7771 | 0.7697 | 0.2189 | 0.1474 | 0.2886 | 0.2189 | 0.5925 | 0.5805 | 0.6039 | 0.5925 | matang
Copy of m56.png | 21747.25 | 25662.3508 | 23231.6591 | 21747.25 | 85.2833 | 100.6367 | 91.1045 | 85.2833 | 0.6656 | 0.6054 | 0.6427 | 0.6656 | 0.621 | 0.6069 | 0.6153 | 0.621 | 0.1462 | -0.0048 | 0.0879 | 0.1462 | 0.3857 | 0.3683 | 0.3786 | 0.3857 | matang
Copy of m57.png | 21747.25 | 25662.3508 | 23231.6591 | 21747.25 | 85.2833 | 100.6367 | 91.1045 | 85.2833 | 0.6656 | 0.6054 | 0.6427 | 0.6656 | 0.621 | 0.6069 | 0.6153 | 0.621 | 0.1462 | -0.0048 | 0.0879 | 0.1462 | 0.3857 | 0.3683 | 0.3786 | 0.3857 | matang
Copy of m58.png | 21747.25 | 25662.3508 | 23231.6591 | 21747.25 | 85.2833 | 100.6367 | 91.1045 | 85.2833 | 0.6656 | 0.6054 | 0.6427 | 0.6656 | 0.621 | 0.6069 | 0.6153 | 0.621 | 0.1462 | -0.0048 | 0.0879 | 0.1462 | 0.3857 | 0.3683 | 0.3786 | 0.3857 | matang
Copy of m59.png | 18016.5227 | 21820.9596 | 19612.5909 | 18016.5227 | 70.653 | 85.5724 | 76.9121 | 70.653 | 0.7229 | 0.6644 | 0.6984 | 0.7229 | 0.6718 | 0.6535 | 0.6641 | 0.6718 | 0.2048 | 0.0412 | 0.1342 | 0.2048 | 0.4513 | 0.427 | 0.441 | 0.4513 | matang
Copy of m6.png | 24026.4091 | 27115.3122 | 22627.3864 | 24026.4091 | 94.2212 | 106.3346 | 88.7348 | 94.2212 | 0.6305 | 0.583 | 0.652 | 0.6305 | 0.6044 | 0.5949 | 0.6095 | 0.6044 | 0.0801 | -0.0349 | 0.1336 | 0.0801 | 0.3653 | 0.3539 | 0.3715 | 0.3653 | matang
Copy of m60.png | 18016.5227 | 21820.9596 | 19612.5909 | 18016.5227 | 70.653 | 85.5724 | 76.9121 | 70.653 | 0.7229 | 0.6644 | 0.6984 | 0.7229 | 0.6718 | 0.6535 | 0.6641 | 0.6718 | 0.2048 | 0.0412 | 0.1342 | 0.2048 | 0.4513 | 0.427 | 0.441 | 0.4513 | matang
Copy of m66.png | 19573.1818 | 21893.9394 | 18456.5909 | 19573.1818 | 76.7576 | 85.8586 | 72.3788 | 76.7576 | 0.699 | 0.6633 | 0.7162 | 0.699 | 0.6596 | 0.6489 | 0.6651 | 0.6596 | 0.151 | 0.0532 | 0.1989 | 0.151 | 0.4351 | 0.4211 | 0.4424 | 0.4351 | matang
Copy of m67.png | 19573.1818 | 21893.9394 | 18456.5909 | 19573.1818 | 76.7576 | 85.8586 | 72.3788 | 76.7576 | 0.699 | 0.6633 | 0.7162 | 0.699 | 0.6596 | 0.6489 | 0.6651 | 0.6596 | 0.151 | 0.0532 | 0.1989 | 0.151 | 0.4351 | 0.4211 | 0.4424 | 0.4351 | matang
Copy of m68.png | 25018.2045 | 28183.4711 | 24729.2045 | 25018.2045 | 98.1106 | 110.5234 | 96.9773 | 98.1106 | 0.6153 | 0.5666 | 0.6197 | 0.6153 | 0.5893 | 0.5813 | 0.5902 | 0.5893 | 0.0752 | -0.0406 | 0.0859 | 0.0752 | 0.3473 | 0.3379 | 0.3483 | 0.3473 | matang
Copy of m69.png | 25018.2045 | 28183.4711 | 24729.2045 | 25018.2045 | 98.1106 | 110.5234 | 96.9773 | 98.1106 | 0.6153 | 0.5666 | 0.6197 | 0.6153 | 0.5893 | 0.5813 | 0.5902 | 0.5893 | 0.0752 | -0.0406 | 0.0859 | 0.0752 | 0.3473 | 0.3379 | 0.3483 | 0.3473 | matang
Copy of m7.png | 24026.4091 | 27115.3122 | 22627.3864 | 24026.4091 | 94.2212 | 106.3346 | 88.7348 | 94.2212 | 0.6305 | 0.583 | 0.652 | 0.6305 | 0.6044 | 0.5949 | 0.6095 | 0.6044 | 0.0801 | -0.0349 | 0.1336 | 0.0801 | 0.3653 | 0.3539 | 0.3715 | 0.3653 | matang
Copy of m70.png | 25018.2045 | 28183.4711 | 24729.2045 | 25018.2045 | 98.1106 | 110.5234 | 96.9773 | 98.1106 | 0.6153 | 0.5666 | 0.6197 | 0.6153 | 0.5893 | 0.5813 | 0.5902 | 0.5893 | 0.0752 | -0.0406 | 0.0859 | 0.0752 | 0.3473 | 0.3379 | 0.3483 | 0.3473 | matang
Copy of m71.png | 22601.1136 | 26252.8237 | 22660.2273 | 22601.1136 | 88.6318 | 102.9522 | 88.8636 | 88.6318 | 0.6524 | 0.5963 | 0.6515 | 0.6524 | 0.612 | 0.5993 | 0.6117 | 0.612 | 0.1281 | -0.0092 | 0.1262 | 0.1281 | 0.3746 | 0.3592 | 0.3742 | 0.3746 | matang
Copy of m72.png | 22601.1136 | 26252.8237 | 22660.2273 | 22601.1136 | 88.6318 | 102.9522 | 88.8636 | 88.6318 | 0.6524 | 0.5963 | 0.6515 | 0.6524 | 0.612 | 0.5993 | 0.6117 | 0.612 | 0.1281 | -0.0092 | 0.1262 | 0.1281 | 0.3746 | 0.3592 | 0.3742 | 0.3746 | matang
Copy of m73.png | 22601.1136 | 26252.8237 | 22660.2273 | 22601.1136 | 88.6318 | 102.9522 | 88.8636 | 88.6318 | 0.6524 | 0.5963 | 0.6515 | 0.6524 | 0.612 | 0.5993 | 0.6117 | 0.612 | 0.1281 | -0.0092 | 0.1262 | 0.1281 | 0.3746 | 0.3592 | 0.3742 | 0.3746 | matang
Copy of m74.png | 18686.4773 | 21933.7466 | 18725.8864 | 18686.4773 | 73.2803 | 86.0147 | 73.4348 | 73.2803 | 0.7126 | 0.6627 | 0.712 | 0.7126 | 0.6684 | 0.6529 | 0.6677 | 0.6684 | 0.1752 | 0.0367 | 0.175 | 0.1752 | 0.4468 | 0.4263 | 0.4459 | 0.4468 | matang
Copy of m75.png | 18686.4773 | 21933.7466 | 18725.8864 | 18686.4773 | 73.2803 | 86.0147 | 73.4348 | 73.2803 | 0.7126 | 0.6627 | 0.712 | 0.7126 | 0.6684 | 0.6529 | 0.6677 | 0.6684 | 0.1752 | 0.0367 | 0.175 | 0.1752 | 0.4468 | 0.4263 | 0.4459 | 0.4468 | matang
Copy of m76.png | 18686.4773 | 21933.7466 | 18725.8864 | 18686.4773 | 73.2803 | 86.0147 | 73.4348 | 73.2803 | 0.7126 | 0.6627 | 0.712 | 0.7126 | 0.6684 | 0.6529 | 0.6677 | 0.6684 | 0.1752 | 0.0367 | 0.175 | 0.1752 | 0.4468 | 0.4263 | 0.4459 | 0.4468 | matang
Copy of m77.png | 17451.6591 | 20706.359 | 18666.7727 | 17451.6591 | 68.4379 | 81.2014 | 73.203 | 68.4379 | 0.7316 | 0.6816 | 0.7129 | 0.7316 | 0.6818 | 0.6656 | 0.6761 | 0.6818 | 0.2079 | 0.0631 | 0.1511 | 0.2079 | 0.4648 | 0.4431 | 0.4572 | 0.4648 | matang
Copy of m78.png | 17451.6591 | 20706.359 | 18666.7727 | 17451.6591 | 68.4379 | 81.2014 | 73.203 | 68.4379 | 0.7316 | 0.6816 | 0.7129 | 0.7316 | 0.6818 | 0.6656 | 0.6761 | 0.6818 | 0.2079 | 0.0631 | 0.1511 | 0.2079 | 0.4648 | 0.4431 | 0.4572 | 0.4648 | matang
Copy of m79.png | 18312.0909 | 23718.4343 | 21589.6136 | 18312.0909 | 71.8121 | 93.0135 | 84.6652 | 71.8121 | 0.7184 | 0.6352 | 0.668 | 0.7184 | 0.6573 | 0.6332 | 0.6412 | 0.6573 | 0.2298 | 0.0071 | 0.0954 | 0.2298 | 0.4321 | 0.4009 | 0.4112 | 0.4321 | matang
Copy of m8.png | 24026.4091 | 27115.3122 | 22627.3864 | 24026.4091 | 94.2212 | 106.3346 | 88.7348 | 94.2212 | 0.6305 | 0.583 | 0.652 | 0.6305 | 0.6044 | 0.5949 | 0.6095 | 0.6044 | 0.0801 | -0.0349 | 0.1336 | 0.0801 | 0.3653 | 0.3539 | 0.3715 | 0.3653 | matang
Copy of m80.png | 18312.0909 | 23718.4343 | 21589.6136 | 18312.0909 | 71.8121 | 93.0135 | 84.6652 | 71.8121 | 0.7184 | 0.6352 | 0.668 | 0.7184 | 0.6573 | 0.6332 | 0.6412 | 0.6573 | 0.2298 | 0.0071 | 0.0954 | 0.2298 | 0.4321 | 0.4009 | 0.4112 | 0.4321 | matang
Copy of m81.png | 22187.3182 | 25158.1267 | 21635.5909 | 22187.3182 | 87.0091 | 98.6593 | 84.8455 | 87.0091 | 0.6588 | 0.6131 | 0.6673 | 0.6588 | 0.6229 | 0.6115 | 0.625 | 0.6229 | 0.1188 | 0.005 | 0.1411 | 0.1188 | 0.388 | 0.3739 | 0.3906 | 0.388 | matang
Copy of m82.png | 22187.3182 | 25158.1267 | 21635.5909 | 22187.3182 | 87.0091 | 98.6593 | 84.8455 | 87.0091 | 0.6588 | 0.6131 | 0.6673 | 0.6588 | 0.6229 | 0.6115 | 0.625 | 0.6229 | 0.1188 | 0.005 | 0.1411 | 0.1188 | 0.388 | 0.3739 | 0.3906 | 0.388 | matang
Copy of m83.png | 21872.0455 | 25894.5592 | 22036.25 | 21872.0455 | 85.7727 | 101.5473 | 86.4167 | 85.7727 | 0.6636 | 0.6018 | 0.6611 | 0.6636 | 0.6251 | 0.6106 | 0.6241 | 0.6251 | 0.1287 | -0.0275 | 0.1232 | 0.1287 | 0.3907 | 0.3728 | 0.3895 | 0.3907 | matang
Copy of m84.png | 21872.0455 | 25894.5592 | 22036.25 | 21872.0455 | 85.7727 | 101.5473 | 86.4167 | 85.7727 | 0.6636 | 0.6018 | 0.6611 | 0.6636 | 0.6251 | 0.6106 | 0.6241 | 0.6251 | 0.1287 | -0.0275 | 0.1232 | 0.1287 | 0.3907 | 0.3728 | 0.3895 | 0.3907 | matang
Copy of m85.png | 20216.8636 | 24328.8108 | 21418.8409 | 20216.8636 | 79.2818 | 95.4071 | 83.9955 | 79.2818 | 0.6891 | 0.6259 | 0.6706 | 0.6891 | 0.6424 | 0.6258 | 0.6376 | 0.6424 | 0.1666 | 0.0002 | 0.116 | 0.1666 | 0.4127 | 0.3916 | 0.4065 | 0.4127 | matang
Copy of m86.png | 20216.8636 | 24328.8108 | 21418.8409 | 20216.8636 | 79.2818 | 95.4071 | 83.9955 | 79.2818 | 0.6891 | 0.6259 | 0.6706 | 0.6891 | 0.6424 | 0.6258 | 0.6376 | 0.6424 | 0.1666 | 0.0002 | 0.116 | 0.1666 | 0.4127 | 0.3916 | 0.4065 | 0.4127 | matang
Copy of m87.png | 24433.6364 | 27340.8861 | 23454.9773 | 24433.6364 | 95.8182 | 107.2192 | 91.9803 | 95.8182 | 0.6242 | 0.5795 | 0.6393 | 0.6242 | 0.6008 | 0.592 | 0.6041 | 0.6008 | 0.0709 | -0.0361 | 0.1082 | 0.0709 | 0.361 | 0.3505 | 0.3649 | 0.361 | matang
Copy of m88.png | 24433.6364 | 27340.8861 | 23454.9773 | 24433.6364 | 95.8182 | 107.2192 | 91.9803 | 95.8182 | 0.6242 | 0.5795 | 0.6393 | 0.6242 | 0.6008 | 0.592 | 0.6041 | 0.6008 | 0.0709 | -0.0361 | 0.1082 | 0.0709 | 0.361 | 0.3505 | 0.3649 | 0.361 | matang
Copy of m89.png | 24729.2045 | 28873.4619 | 25950.8864 | 24729.2045 | 96.9773 | 113.2293 | 101.7682 | 96.9773 | 0.6197 | 0.556 | 0.6009 | 0.6197 | 0.5872 | 0.5766 | 0.5836 | 0.5872 | 0.0936 | -0.0554 | 0.049 | 0.0936 | 0.3448 | 0.3324 | 0.3405 | 0.3448 | matang
Copy of m9.png | 24026.4091 | 27115.3122 | 22627.3864 | 24026.4091 | 94.2212 | 106.3346 | 88.7348 | 94.2212 | 0.6305 | 0.583 | 0.652 | 0.6305 | 0.6044 | 0.5949 | 0.6095 | 0.6044 | 0.0801 | -0.0349 | 0.1336 | 0.0801 | 0.3653 | 0.3539 | 0.3715 | 0.3653 | matang
Copy of m96.png | 24525.5909 | 28362.6033 | 25491.1136 | 24525.5909 | 96.1788 | 111.2259 | 99.9652 | 96.1788 | 0.6228 | 0.5638 | 0.608 | 0.6228 | 0.5901 | 0.5792 | 0.5864 | 0.5901 | 0.0951 | -0.0419 | 0.0618 | 0.0951 | 0.3483 | 0.3355 | 0.3438 | 0.3483 | matang
Copy of m97.png | 24525.5909 | 28362.6033 | 25491.1136 | 24525.5909 | 96.1788 | 111.2259 | 99.9652 | 96.1788 | 0.6228 | 0.5638 | 0.608 | 0.6228 | 0.5901 | 0.5792 | 0.5864 | 0.5901 | 0.0951 | -0.0419 | 0.0618 | 0.0951 | 0.3483 | 0.3355 | 0.3438 | 0.3483 | matang
Copy of m98.png | 18824.4091 | 21867.4013 | 19336.7273 | 18824.4091 | 73.8212 | 85.7545 | 75.8303 | 73.8212 | 0.7105 | 0.6637 | 0.7026 | 0.7105 | 0.6685 | 0.6542 | 0.6661 | 0.6685 | 0.1668 | 0.036 | 0.1439 | 0.1668 | 0.4468 | 0.428 | 0.4437 | 0.4468 | matang
Copy of m99.png | 20899.9545 | 24647.2681 | 21340.0227 | 20899.9545 | 81.9606 | 96.656 | 83.6864 | 81.9606 | 0.6786 | 0.621 | 0.6718 | 0.6786 | 0.6319 | 0.6167 | 0.6293 | 0.6319 | 0.16 | 0.0138 | 0.1442 | 0.16 | 0.3992 | 0.3803 | 0.396 | 0.3992 | matang
Copy of Tm1.png | 16262.8182 | 20766.0698 | 19573.1818 | 16262.8182 | 63.7758 | 81.4356 | 76.7576 | 63.7758 | 0.7499 | 0.6806 | 0.699 | 0.7499 | 0.6848 | 0.6613 | 0.668 | 0.6848 | 0.272 | 0.0752 | 0.1235 | 0.272 | 0.4689 | 0.4373 | 0.4462 | 0.4689 | mentah
Copy of Tm10.png | 9569.8409 | 12333.5859 | 11743.9091 | 9569.8409 | 37.5288 | 48.367 | 46.0545 | 37.5288 | 0.8528 | 0.8103 | 0.8194 | 0.8528 | 0.8042 | 0.7856 | 0.7896 | 0.8042 | 0.3539 | 0.1722 | 0.2099 | 0.3539 | 0.6467 | 0.6172 | 0.6234 | 0.6467 | mentah
Copy of Tm100.png | 17963.9773 | 23439.7842 | 23395.8636 | 17963.9773 | 70.447 | 91.9207 | 91.7485 | 70.447 | 0.7237 | 0.6395 | 0.6402 | 0.7237 | 0.6512 | 0.6258 | 0.6273 | 0.6512 | 0.2654 | 0.046 | 0.0436 | 0.2654 | 0.424 | 0.3916 | 0.3934 | 0.424 | mentah
Copy of Tm106.png | 22850.7045 | 29065.8632 | 25326.9091 | 22850.7045 | 89.6106 | 113.9838 | 99.3212 | 89.6106 | 0.6486 | 0.553 | 0.6105 | 0.6486 | 0.5934 | 0.576 | 0.5844 | 0.5934 | 0.1632 | -0.0618 | 0.0742 | 0.1632 | 0.3521 | 0.3318 | 0.3415 | 0.3521 | mentah
Copy of Tm107.png | 22850.7045 | 29065.8632 | 25326.9091 | 22850.7045 | 89.6106 | 113.9838 | 99.3212 | 89.6106 | 0.6486 | 0.553 | 0.6105 | 0.6486 | 0.5934 | 0.576 | 0.5844 | 0.5934 | 0.1632 | -0.0618 | 0.0742 | 0.1632 | 0.3521 | 0.3318 | 0.3415 | 0.3521 | mentah
Copy of Tm108.png | 22850.7045 | 29065.8632 | 25326.9091 | 22850.7045 | 89.6106 | 113.9838 | 99.3212 | 89.6106 | 0.6486 | 0.553 | 0.6105 | 0.6486 | 0.5934 | 0.576 | 0.5844 | 0.5934 | 0.1632 | -0.0618 | 0.0742 | 0.1632 | 0.3521 | 0.3318 | 0.3415 | 0.3521 | mentah
Copy of Tm109.png | 18062.5 | 21588.7511 | 19205.3636 | 18062.5 | 70.8333 | 84.6618 | 75.3152 | 70.8333 | 0.7222 | 0.668 | 0.7047 | 0.7222 | 0.6703 | 0.6536 | 0.6645 | 0.6703 | 0.2067 | 0.0543 | 0.157 | 0.2067 | 0.4492 | 0.4271 | 0.4415 | 0.4492 | mentah
Copy of Tm11.png | 9569.8409 | 12333.5859 | 11743.9091 | 9569.8409 | 37.5288 | 48.367 | 46.0545 | 37.5288 | 0.8528 | 0.8103 | 0.8194 | 0.8528 | 0.8042 | 0.7856 | 0.7896 | 0.8042 | 0.3539 | 0.1722 | 0.2099 | 0.3539 | 0.6467 | 0.6172 | 0.6234 | 0.6467 | mentah
Copy of Tm110.png | 18062.5 | 21588.7511 | 19205.3636 | 18062.5 | 70.8333 | 84.6618 | 75.3152 | 70.8333 | 0.7222 | 0.668 | 0.7047 | 0.7222 | 0.6703 | 0.6536 | 0.6645 | 0.6703 | 0.2067 | 0.0543 | 0.157 | 0.2067 | 0.4492 | 0.4271 | 0.4415 | 0.4492 | mentah
Copy of Tm111.png | 18062.5 | 21588.7511 | 19205.3636 | 18062.5 | 70.8333 | 84.6618 | 75.3152 | 70.8333 | 0.7222 | 0.668 | 0.7047 | 0.7222 | 0.6703 | 0.6536 | 0.6645 | 0.6703 | 0.2067 | 0.0543 | 0.157 | 0.2067 | 0.4492 | 0.4271 | 0.4415 | 0.4492 | mentah
Copy of Tm112.png | 18193.8636 | 22265.4729 | 19796.5 | 18193.8636 | 71.3485 | 87.3156 | 77.6333 | 71.3485 | 0.7202 | 0.6576 | 0.6956 | 0.7202 | 0.6646 | 0.6457 | 0.6569 | 0.6646 | 0.2158 | 0.0433 | 0.1465 | 0.2158 | 0.4417 | 0.4169 | 0.4315 | 0.4417 | mentah
Copy of Tm113.png | 18193.8636 | 22265.4729 | 19796.5 | 18193.8636 | 71.3485 | 87.3156 | 77.6333 | 71.3485 | 0.7202 | 0.6576 | 0.6956 | 0.7202 | 0.6646 | 0.6457 | 0.6569 | 0.6646 | 0.2158 | 0.0433 | 0.1465 | 0.2158 | 0.4417 | 0.4169 | 0.4315 | 0.4417 | mentah
Copy of Tm114.png | 18193.8636 | 22265.4729 | 19796.5 | 18193.8636 | 71.3485 | 87.3156 | 77.6333 | 71.3485 | 0.7202 | 0.6576 | 0.6956 | 0.7202 | 0.6646 | 0.6457 | 0.6569 | 0.6646 | 0.2158 | 0.0433 | 0.1465 | 0.2158 | 0.4417 | 0.4169 | 0.4315 | 0.4417 | mentah
Copy of Tm115.png | 18528.8409 | 23141.2305 | 21090.4318 | 18528.8409 | 72.6621 | 90.7499 | 82.7076 | 72.6621 | 0.7151 | 0.6441 | 0.6757 | 0.7151 | 0.6547 | 0.6342 | 0.6431 | 0.6547 | 0.2248 | 0.0344 | 0.1168 | 0.2248 | 0.4287 | 0.4022 | 0.4136 | 0.4287 | mentah
Copy of Tm116.png | 18528.8409 | 23141.2305 | 21090.4318 | 18528.8409 | 72.6621 | 90.7499 | 82.7076 | 72.6621 | 0.7151 | 0.6441 | 0.6757 | 0.7151 | 0.6547 | 0.6342 | 0.6431 | 0.6547 | 0.2248 | 0.0344 | 0.1168 | 0.2248 | 0.4287 | 0.4022 | 0.4136 | 0.4287 | mentah
Copy of Tm117.png | 18528.8409 | 23141.2305 | 21090.4318 | 18528.8409 | 72.6621 | 90.7499 | 82.7076 | 72.6621 | 0.7151 | 0.6441 | 0.6757 | 0.7151 | 0.6547 | 0.6342 | 0.6431 | 0.6547 | 0.2248 | 0.0344 | 0.1168 | 0.2248 | 0.4287 | 0.4022 | 0.4136 | 0.4287 | mentah
Copy of Tm118.png | 16775.1364 | 19465.7025 | 17353.1364 | 16775.1364 | 65.7848 | 76.3361 | 68.0515 | 65.7848 | 0.742 | 0.7006 | 0.7331 | 0.742 | 0.6911 | 0.6769 | 0.6882 | 0.6911 | 0.2206 | 0.0987 | 0.1931 | 0.2206 | 0.4776 | 0.4581 | 0.4736 | 0.4776 | mentah
Copy of Tm119.png | 16775.1364 | 19465.7025 | 17353.1364 | 16775.1364 | 65.7848 | 76.3361 | 68.0515 | 65.7848 | 0.742 | 0.7006 | 0.7331 | 0.742 | 0.6911 | 0.6769 | 0.6882 | 0.6911 | 0.2206 | 0.0987 | 0.1931 | 0.2206 | 0.4776 | 0.4581 | 0.4736 | 0.4776 | mentah
Copy of Tm12.png | 9569.8409 | 12333.5859 | 11743.9091 | 9569.8409 | 37.5288 | 48.367 | 46.0545 | 37.5288 | 0.8528 | 0.8103 | 0.8194 | 0.8528 | 0.8042 | 0.7856 | 0.7896 | 0.8042 | 0.3539 | 0.1722 | 0.2099 | 0.3539 | 0.6467 | 0.6172 | 0.6234 | 0.6467 | mentah
Copy of Tm120.png | 16775.1364 | 19465.7025 | 17353.1364 | 16775.1364 | 65.7848 | 76.3361 | 68.0515 | 65.7848 | 0.742 | 0.7006 | 0.7331 | 0.742 | 0.6911 | 0.6769 | 0.6882 | 0.6911 | 0.2206 | 0.0987 | 0.1931 | 0.2206 | 0.4776 | 0.4581 | 0.4736 | 0.4776 | mentah
Copy of Tm121.png | 18266.1136 | 21966.9192 | 19218.5 | 18266.1136 | 71.6318 | 86.1448 | 75.3667 | 71.6318 | 0.7191 | 0.6622 | 0.7044 | 0.7191 | 0.6715 | 0.6541 | 0.6667 | 0.6715 | 0.1906 | 0.0305 | 0.1491 | 0.1906 | 0.4509 | 0.4279 | 0.4444 | 0.4509 | mentah
Copy of Tm122.png | 18266.1136 | 21966.9192 | 19218.5 | 18266.1136 | 71.6318 | 86.1448 | 75.3667 | 71.6318 | 0.7191 | 0.6622 | 0.7044 | 0.7191 | 0.6715 | 0.6541 | 0.6667 | 0.6715 | 0.1906 | 0.0305 | 0.1491 | 0.1906 | 0.4509 | 0.4279 | 0.4444 | 0.4509 | mentah
Copy of Tm123.png | 18266.1136 | 21966.9192 | 19218.5 | 18266.1136 | 71.6318 | 86.1448 | 75.3667 | 71.6318 | 0.7191 | 0.6622 | 0.7044 | 0.7191 | 0.6715 | 0.6541 | 0.6667 | 0.6715 | 0.1906 | 0.0305 | 0.1491 | 0.1906 | 0.4509 | 0.4279 | 0.4444 | 0.4509 | mentah
Copy of Tm124.png | 9924.5227 | 13607.4151 | 12899.9091 | 9924.5227 | 38.9197 | 53.3624 | 50.5879 | 38.9197 | 0.8474 | 0.7907 | 0.8016 | 0.8474 | 0.793 | 0.7696 | 0.7746 | 0.793 | 0.3686 | 0.1364 | 0.1766 | 0.3686 | 0.6289 | 0.5922 | 0.6 | 0.6289 | mentah
Copy of Tm125.png | 9924.5227 | 13607.4151 | 12899.9091 | 9924.5227 | 38.9197 | 53.3624 | 50.5879 | 38.9197 | 0.8474 | 0.7907 | 0.8016 | 0.8474 | 0.793 | 0.7696 | 0.7746 | 0.793 | 0.3686 | 0.1364 | 0.1766 | 0.3686 | 0.6289 | 0.5922 | 0.6 | 0.6289 | mentah
Copy of Tm126.png | 9924.5227 | 13607.4151 | 12899.9091 | 9924.5227 | 38.9197 | 53.3624 | 50.5879 | 38.9197 | 0.8474 | 0.7907 | 0.8016 | 0.8474 | 0.793 | 0.7696 | 0.7746 | 0.793 | 0.3686 | 0.1364 | 0.1766 | 0.3686 | 0.6289 | 0.5922 | 0.6 | 0.6289 | mentah
Copy of Tm127.png | 13202.0455 | 15418.641 | 13477.9091 | 13202.0455 | 51.7727 | 60.4653 | 52.8545 | 51.7727 | 0.797 | 0.7629 | 0.7927 | 0.797 | 0.7551 | 0.7417 | 0.7537 | 0.7551 | 0.2424 | 0.1187 | 0.2253 | 0.2424 | 0.5702 | 0.5501 | 0.5681 | 0.5702 | mentah
Copy of Tm128.png | 13202.0455 | 15418.641 | 13477.9091 | 13202.0455 | 51.7727 | 60.4653 | 52.8545 | 51.7727 | 0.797 | 0.7629 | 0.7927 | 0.797 | 0.7551 | 0.7417 | 0.7537 | 0.7551 | 0.2424 | 0.1187 | 0.2253 | 0.2424 | 0.5702 | 0.5501 | 0.5681 | 0.5702 | mentah
Copy of Tm129.png | 13202.0455 | 15418.641 | 13477.9091 | 13202.0455 | 51.7727 | 60.4653 | 52.8545 | 51.7727 | 0.797 | 0.7629 | 0.7927 | 0.797 | 0.7551 | 0.7417 | 0.7537 | 0.7551 | 0.2424 | 0.1187 | 0.2253 | 0.2424 | 0.5702 | 0.5501 | 0.5681 | 0.5702 | mentah
Copy of Tm13.png | 6436.8182 | 8498.8292 | 7875.25 | 6436.8182 | 25.2424 | 33.3287 | 30.8833 | 25.2424 | 0.901 | 0.8693 | 0.8789 | 0.901 | 0.8648 | 0.8507 | 0.855 | 0.8648 | 0.3926 | 0.1967 | 0.255 | 0.3926 | 0.7478 | 0.7237 | 0.731 | 0.7478 | mentah
Copy of Tm130.png | 9477.8864 | 11716.5748 | 10725.8409 | 9477.8864 | 37.1682 | 45.9474 | 42.0621 | 37.1682 | 0.8542 | 0.8198 | 0.8351 | 0.8542 | 0.811 | 0.7966 | 0.8027 | 0.811 | 0.3309 | 0.1722 | 0.2433 | 0.3309 | 0.6576 | 0.6346 | 0.6443 | 0.6576 | mentah
Copy of Tm131.png | 9477.8864 | 11716.5748 | 10725.8409 | 9477.8864 | 37.1682 | 45.9474 | 42.0621 | 37.1682 | 0.8542 | 0.8198 | 0.8351 | 0.8542 | 0.811 | 0.7966 | 0.8027 | 0.811 | 0.3309 | 0.1722 | 0.2433 | 0.3309 | 0.6576 | 0.6346 | 0.6443 | 0.6576 | mentah
Copy of Tm132.png | 9477.8864 | 11716.5748 | 10725.8409 | 9477.8864 | 37.1682 | 45.9474 | 42.0621 | 37.1682 | 0.8542 | 0.8198 | 0.8351 | 0.8542 | 0.811 | 0.7966 | 0.8027 | 0.811 | 0.3309 | 0.1722 | 0.2433 | 0.3309 | 0.6576 | 0.6346 | 0.6443 | 0.6576 | mentah
Copy of Tm133.png | 12000.0682 | 15577.8696 | 14298.9318 | 12000.0682 | 47.0591 | 61.0897 | 56.0742 | 47.0591 | 0.8155 | 0.7604 | 0.7801 | 0.8155 | 0.7637 | 0.7424 | 0.75 | 0.7637 | 0.3069 | 0.1017 | 0.1732 | 0.3069 | 0.5833 | 0.5511 | 0.5625 | 0.5833 | mentah
Copy of Tm134.png | 12000.0682 | 15577.8696 | 14298.9318 | 12000.0682 | 47.0591 | 61.0897 | 56.0742 | 47.0591 | 0.8155 | 0.7604 | 0.7801 | 0.8155 | 0.7637 | 0.7424 | 0.75 | 0.7637 | 0.3069 | 0.1017 | 0.1732 | 0.3069 | 0.5833 | 0.5511 | 0.5625 | 0.5833 | mentah
Copy of Tm135.png | 12000.0682 | 15577.8696 | 14298.9318 | 12000.0682 | 47.0591 | 61.0897 | 56.0742 | 47.0591 | 0.8155 | 0.7604 | 0.7801 | 0.8155 | 0.7637 | 0.7424 | 0.75 | 0.7637 | 0.3069 | 0.1017 | 0.1732 | 0.3069 | 0.5833 | 0.5511 | 0.5625 | 0.5833 | mentah
Copy of Tm136.png | 11835.8636 | 15684.022 | 13793.1818 | 11835.8636 | 46.4152 | 61.506 | 54.0909 | 46.4152 | 0.818 | 0.7588 | 0.7879 | 0.818 | 0.7663 | 0.7428 | 0.7532 | 0.7663 | 0.3104 | 0.0903 | 0.2014 | 0.3104 | 0.5871 | 0.5518 | 0.5672 | 0.5871 | mentah
Copy of Tm137.png | 11835.8636 | 15684.022 | 13793.1818 | 11835.8636 | 46.4152 | 61.506 | 54.0909 | 46.4152 | 0.818 | 0.7588 | 0.7879 | 0.818 | 0.7663 | 0.7428 | 0.7532 | 0.7663 | 0.3104 | 0.0903 | 0.2014 | 0.3104 | 0.5871 | 0.5518 | 0.5672 | 0.5871 | mentah
Copy of Tm138.png | 11835.8636 | 15684.022 | 13793.1818 | 11835.8636 | 46.4152 | 61.506 | 54.0909 | 46.4152 | 0.818 | 0.7588 | 0.7879 | 0.818 | 0.7663 | 0.7428 | 0.7532 | 0.7663 | 0.3104 | 0.0903 | 0.2014 | 0.3104 | 0.5871 | 0.5518 | 0.5672 | 0.5871 | mentah
Copy of Tm139.png | 7921.2273 | 9460.8356 | 8170.8182 | 7921.2273 | 31.0636 | 37.1013 | 32.0424 | 31.0636 | 0.8782 | 0.8545 | 0.8743 | 0.8782 | 0.8443 | 0.8339 | 0.8429 | 0.8443 | 0.3238 | 0.1931 | 0.3007 | 0.3238 | 0.7129 | 0.6954 | 0.7105 | 0.7129 | mentah
Copy of Tm14.png | 6436.8182 | 8498.8292 | 7875.25 | 6436.8182 | 25.2424 | 33.3287 | 30.8833 | 25.2424 | 0.901 | 0.8693 | 0.8789 | 0.901 | 0.8648 | 0.8507 | 0.855 | 0.8648 | 0.3926 | 0.1967 | 0.255 | 0.3926 | 0.7478 | 0.7237 | 0.731 | 0.7478 | mentah
Copy of Tm140.png | 7921.2273 | 9460.8356 | 8170.8182 | 7921.2273 | 31.0636 | 37.1013 | 32.0424 | 31.0636 | 0.8782 | 0.8545 | 0.8743 | 0.8782 | 0.8443 | 0.8339 | 0.8429 | 0.8443 | 0.3238 | 0.1931 | 0.3007 | 0.3238 | 0.7129 | 0.6954 | 0.7105 | 0.7129 | mentah
Copy of Tm146.png | 11146.2045 | 12930.6933 | 11165.9091 | 11146.2045 | 43.7106 | 50.7086 | 43.7879 | 43.7106 | 0.8286 | 0.8011 | 0.8283 | 0.8286 | 0.7907 | 0.7791 | 0.7905 | 0.7907 | 0.2637 | 0.1493 | 0.2627 | 0.2637 | 0.6252 | 0.6069 | 0.6249 | 0.6252 | mentah
Copy of Tm147.png | 11146.2045 | 12930.6933 | 11165.9091 | 11146.2045 | 43.7106 | 50.7086 | 43.7879 | 43.7106 | 0.8286 | 0.8011 | 0.8283 | 0.8286 | 0.7907 | 0.7791 | 0.7905 | 0.7907 | 0.2637 | 0.1493 | 0.2627 | 0.2637 | 0.6252 | 0.6069 | 0.6249 | 0.6252 | mentah
Copy of Tm148.png | 9096.9318 | 11510.9045 | 10075.5909 | 9096.9318 | 35.6742 | 45.1408 | 39.5121 | 35.6742 | 0.8601 | 0.823 | 0.8451 | 0.8601 | 0.819 | 0.8028 | 0.8123 | 0.819 | 0.3305 | 0.1565 | 0.2593 | 0.3305 | 0.6707 | 0.6445 | 0.6599 | 0.6707 | mentah
Copy of Tm149.png | 9096.9318 | 11510.9045 | 10075.5909 | 9096.9318 | 35.6742 | 45.1408 | 39.5121 | 35.6742 | 0.8601 | 0.823 | 0.8451 | 0.8601 | 0.819 | 0.8028 | 0.8123 | 0.819 | 0.3305 | 0.1565 | 0.2593 | 0.3305 | 0.6707 | 0.6445 | 0.6599 | 0.6707 | mentah
Copy of Tm15.png | 6436.8182 | 8498.8292 | 7875.25 | 6436.8182 | 25.2424 | 33.3287 | 30.8833 | 25.2424 | 0.901 | 0.8693 | 0.8789 | 0.901 | 0.8648 | 0.8507 | 0.855 | 0.8648 | 0.3926 | 0.1967 | 0.255 | 0.3926 | 0.7478 | 0.7237 | 0.731 | 0.7478 | mentah
Copy of Tm150.png | 9096.9318 | 11510.9045 | 10075.5909 | 9096.9318 | 35.6742 | 45.1408 | 39.5121 | 35.6742 | 0.8601 | 0.823 | 0.8451 | 0.8601 | 0.819 | 0.8028 | 0.8123 | 0.819 | 0.3305 | 0.1565 | 0.2593 | 0.3305 | 0.6707 | 0.6445 | 0.6599 | 0.6707 | mentah
Copy of Tm16.png | 9510.7273 | 12506.0836 | 11724.2045 | 9510.7273 | 37.297 | 49.0435 | 45.9773 | 37.297 | 0.8537 | 0.8077 | 0.8197 | 0.8537 | 0.804 | 0.7842 | 0.7897 | 0.804 | 0.3606 | 0.1628 | 0.211 | 0.3606 | 0.6464 | 0.6149 | 0.6237 | 0.6464 | mentah
Copy of Tm17.png | 9510.7273 | 12506.0836 | 11724.2045 | 9510.7273 | 37.297 | 49.0435 | 45.9773 | 37.297 | 0.8537 | 0.8077 | 0.8197 | 0.8537 | 0.804 | 0.7842 | 0.7897 | 0.804 | 0.3606 | 0.1628 | 0.211 | 0.3606 | 0.6464 | 0.6149 | 0.6237 | 0.6464 | mentah
Copy of Tm18.png | 9510.7273 | 12506.0836 | 11724.2045 | 9510.7273 | 37.297 | 49.0435 | 45.9773 | 37.297 | 0.8537 | 0.8077 | 0.8197 | 0.8537 | 0.804 | 0.7842 | 0.7897 | 0.804 | 0.3606 | 0.1628 | 0.211 | 0.3606 | 0.6464 | 0.6149 | 0.6237 | 0.6464 | mentah
Copy of Tm19.png | 8479.5227 | 10827.5482 | 9714.3409 | 8479.5227 | 33.253 | 42.461 | 38.0955 | 33.253 | 0.8696 | 0.8335 | 0.8506 | 0.8696 | 0.8297 | 0.8141 | 0.8216 | 0.8297 | 0.3422 | 0.1611 | 0.2452 | 0.3422 | 0.6884 | 0.6627 | 0.675 | 0.6884 | mentah
Copy of Tm2.png | 16262.8182 | 20766.0698 | 19573.1818 | 16262.8182 | 63.7758 | 81.4356 | 76.7576 | 63.7758 | 0.7499 | 0.6806 | 0.699 | 0.7499 | 0.6848 | 0.6613 | 0.668 | 0.6848 | 0.272 | 0.0752 | 0.1235 | 0.272 | 0.4689 | 0.4373 | 0.4462 | 0.4689 | mentah
Copy of Tm20.png | 8479.5227 | 10827.5482 | 9714.3409 | 8479.5227 | 33.253 | 42.461 | 38.0955 | 33.253 | 0.8696 | 0.8335 | 0.8506 | 0.8696 | 0.8297 | 0.8141 | 0.8216 | 0.8297 | 0.3422 | 0.1611 | 0.2452 | 0.3422 | 0.6884 | 0.6627 | 0.675 | 0.6884 | mentah
Copy of Tm3.png | 16262.8182 | 20766.0698 | 19573.1818 | 16262.8182 | 63.7758 | 81.4356 | 76.7576 | 63.7758 | 0.7499 | 0.6806 | 0.699 | 0.7499 | 0.6848 | 0.6613 | 0.668 | 0.6848 | 0.272 | 0.0752 | 0.1235 | 0.272 | 0.4689 | 0.4373 | 0.4462 | 0.4689 | mentah
Copy of Tm31.png | 6358.0 | 7344.4215 | 6220.0682 | 6358.0 | 24.9333 | 28.8017 | 24.3924 | 24.9333 | 0.9022 | 0.8871 | 0.9043 | 0.9022 | 0.873 | 0.8667 | 0.8748 | 0.873 | 0.3463 | 0.2401 | 0.355 | 0.3463 | 0.7622 | 0.7512 | 0.7652 | 0.7622 | mentah
Copy of Tm32.png | 6358.0 | 7344.4215 | 6220.0682 | 6358.0 | 24.9333 | 28.8017 | 24.3924 | 24.9333 | 0.9022 | 0.8871 | 0.9043 | 0.9022 | 0.873 | 0.8667 | 0.8748 | 0.873 | 0.3463 | 0.2401 | 0.355 | 0.3463 | 0.7622 | 0.7512 | 0.7652 | 0.7622 | mentah
Copy of Tm33.png | 6358.0 | 7344.4215 | 6220.0682 | 6358.0 | 24.9333 | 28.8017 | 24.3924 | 24.9333 | 0.9022 | 0.8871 | 0.9043 | 0.9022 | 0.873 | 0.8667 | 0.8748 | 0.873 | 0.3463 | 0.2401 | 0.355 | 0.3463 | 0.7622 | 0.7512 | 0.7652 | 0.7622 | mentah
Copy of Tm34.png | 9661.7955 | 11424.6556 | 10029.6136 | 9661.7955 | 37.8894 | 44.8026 | 39.3318 | 37.8894 | 0.8514 | 0.8243 | 0.8458 | 0.8514 | 0.8135 | 0.8016 | 0.8112 | 0.8135 | 0.2983 | 0.1735 | 0.271 | 0.2983 | 0.6618 | 0.6426 | 0.658 | 0.6618 | mentah
Copy of Tm35.png | 9661.7955 | 11424.6556 | 10029.6136 | 9661.7955 | 37.8894 | 44.8026 | 39.3318 | 37.8894 | 0.8514 | 0.8243 | 0.8458 | 0.8514 | 0.8135 | 0.8016 | 0.8112 | 0.8135 | 0.2983 | 0.1735 | 0.271 | 0.2983 | 0.6618 | 0.6426 | 0.658 | 0.6618 | mentah
Copy of Tm36.png | 9661.7955 | 11424.6556 | 10029.6136 | 9661.7955 | 37.8894 | 44.8026 | 39.3318 | 37.8894 | 0.8514 | 0.8243 | 0.8458 | 0.8514 | 0.8135 | 0.8016 | 0.8112 | 0.8135 | 0.2983 | 0.1735 | 0.271 | 0.2983 | 0.6618 | 0.6426 | 0.658 | 0.6618 | mentah
Copy of Tm37.png | 8748.8182 | 10442.7456 | 9024.6818 | 8748.8182 | 34.3091 | 40.9519 | 35.3909 | 34.3091 | 0.8655 | 0.8394 | 0.8612 | 0.8655 | 0.8325 | 0.8209 | 0.8303 | 0.8325 | 0.294 | 0.1605 | 0.2736 | 0.294 | 0.693 | 0.6739 | 0.6894 | 0.693 | mentah
Copy of Tm38.png | 8748.8182 | 10442.7456 | 9024.6818 | 8748.8182 | 34.3091 | 40.9519 | 35.3909 | 34.3091 | 0.8655 | 0.8394 | 0.8612 | 0.8655 | 0.8325 | 0.8209 | 0.8303 | 0.8325 | 0.294 | 0.1605 | 0.2736 | 0.294 | 0.693 | 0.6739 | 0.6894 | 0.693 | mentah
Copy of Tm39.png | 8748.8182 | 10442.7456 | 9024.6818 | 8748.8182 | 34.3091 | 40.9519 | 35.3909 | 34.3091 | 0.8655 | 0.8394 | 0.8612 | 0.8655 | 0.8325 | 0.8209 | 0.8303 | 0.8325 | 0.294 | 0.1605 | 0.2736 | 0.294 | 0.693 | 0.6739 | 0.6894 | 0.693 | mentah
Copy of Tm4.png | 10410.5682 | 12990.404 | 10515.6591 | 10410.5682 | 40.8258 | 50.9428 | 41.2379 | 40.8258 | 0.8399 | 0.8002 | 0.8383 | 0.8399 | 0.7984 | 0.7823 | 0.7983 | 0.7984 | 0.298 | 0.1243 | 0.2881 | 0.298 | 0.6375 | 0.612 | 0.6373 | 0.6375 | mentah
Copy of Tm40.png | 15343.2727 | 19744.3526 | 17274.3182 | 15343.2727 | 60.1697 | 77.4288 | 67.7424 | 60.1697 | 0.764 | 0.6964 | 0.7343 | 0.764 | 0.707 | 0.6837 | 0.6966 | 0.707 | 0.2623 | 0.0543 | 0.1689 | 0.2623 | 0.4998 | 0.4675 | 0.4853 | 0.4998 | mentah
Copy of Tm41.png | 15343.2727 | 19744.3526 | 17274.3182 | 15343.2727 | 60.1697 | 77.4288 | 67.7424 | 60.1697 | 0.764 | 0.6964 | 0.7343 | 0.764 | 0.707 | 0.6837 | 0.6966 | 0.707 | 0.2623 | 0.0543 | 0.1689 | 0.2623 | 0.4998 | 0.4675 | 0.4853 | 0.4998 | mentah
Copy of Tm42.png | 15343.2727 | 19744.3526 | 17274.3182 | 15343.2727 | 60.1697 | 77.4288 | 67.7424 | 60.1697 | 0.764 | 0.6964 | 0.7343 | 0.764 | 0.707 | 0.6837 | 0.6966 | 0.707 | 0.2623 | 0.0543 | 0.1689 | 0.2623 | 0.4998 | 0.4675 | 0.4853 | 0.4998 | mentah
Copy of Tm43.png | 10778.3864 | 12864.348 | 11139.6364 | 10778.3864 | 42.2682 | 50.4484 | 43.6848 | 42.2682 | 0.8342 | 0.8022 | 0.8287 | 0.8342 | 0.7946 | 0.781 | 0.7921 | 0.7946 | 0.2802 | 0.1449 | 0.2573 | 0.2802 | 0.6314 | 0.6099 | 0.6274 | 0.6314 | mentah
Copy of Tm44.png | 10778.3864 | 12864.348 | 11139.6364 | 10778.3864 | 42.2682 | 50.4484 | 43.6848 | 42.2682 | 0.8342 | 0.8022 | 0.8287 | 0.8342 | 0.7946 | 0.781 | 0.7921 | 0.7946 | 0.2802 | 0.1449 | 0.2573 | 0.2802 | 0.6314 | 0.6099 | 0.6274 | 0.6314 | mentah
Copy of Tm45.png | 10778.3864 | 12864.348 | 11139.6364 | 10778.3864 | 42.2682 | 50.4484 | 43.6848 | 42.2682 | 0.8342 | 0.8022 | 0.8287 | 0.8342 | 0.7946 | 0.781 | 0.7921 | 0.7946 | 0.2802 | 0.1449 | 0.2573 | 0.2802 | 0.6314 | 0.6099 | 0.6274 | 0.6314 | mentah
Copy of Tm46.png | 10371.1591 | 14416.8274 | 13372.8182 | 10371.1591 | 40.6712 | 56.5366 | 52.4424 | 40.6712 | 0.8405 | 0.7783 | 0.7943 | 0.8405 | 0.7833 | 0.7574 | 0.7644 | 0.7833 | 0.368 | 0.1263 | 0.1849 | 0.368 | 0.6136 | 0.5737 | 0.5843 | 0.6136 | mentah
Copy of Tm47.png | 10371.1591 | 14416.8274 | 13372.8182 | 10371.1591 | 40.6712 | 56.5366 | 52.4424 | 40.6712 | 0.8405 | 0.7783 | 0.7943 | 0.8405 | 0.7833 | 0.7574 | 0.7644 | 0.7833 | 0.368 | 0.1263 | 0.1849 | 0.368 | 0.6136 | 0.5737 | 0.5843 | 0.6136 | mentah
Copy of Tm48.png | 10371.1591 | 14416.8274 | 13372.8182 | 10371.1591 | 40.6712 | 56.5366 | 52.4424 | 40.6712 | 0.8405 | 0.7783 | 0.7943 | 0.8405 | 0.7833 | 0.7574 | 0.7644 | 0.7833 | 0.368 | 0.1263 | 0.1849 | 0.368 | 0.6136 | 0.5737 | 0.5843 | 0.6136 | mentah
Copy of Tm49.png | 5589.5227 | 6448.7603 | 5353.0682 | 5589.5227 | 21.9197 | 25.2893 | 20.9924 | 21.9197 | 0.914 | 0.9008 | 0.9177 | 0.914 | 0.8918 | 0.8856 | 0.8931 | 0.8918 | 0.3184 | 0.2149 | 0.3508 | 0.3184 | 0.7953 | 0.7843 | 0.7976 | 0.7953 | mentah
Copy of Tm5.png | 10410.5682 | 12990.404 | 10515.6591 | 10410.5682 | 40.8258 | 50.9428 | 41.2379 | 40.8258 | 0.8399 | 0.8002 | 0.8383 | 0.8399 | 0.7984 | 0.7823 | 0.7983 | 0.7984 | 0.298 | 0.1243 | 0.2881 | 0.298 | 0.6375 | 0.612 | 0.6373 | 0.6375 | mentah
Copy of Tm50.png | 5589.5227 | 6448.7603 | 5353.0682 | 5589.5227 | 21.9197 | 25.2893 | 20.9924 | 21.9197 | 0.914 | 0.9008 | 0.9177 | 0.914 | 0.8918 | 0.8856 | 0.8931 | 0.8918 | 0.3184 | 0.2149 | 0.3508 | 0.3184 | 0.7953 | 0.7843 | 0.7976 | 0.7953 | mentah
Copy of Tm51.png | 5589.5227 | 6448.7603 | 5353.0682 | 5589.5227 | 21.9197 | 25.2893 | 20.9924 | 21.9197 | 0.914 | 0.9008 | 0.9177 | 0.914 | 0.8918 | 0.8856 | 0.8931 | 0.8918 | 0.3184 | 0.2149 | 0.3508 | 0.3184 | 0.7953 | 0.7843 | 0.7976 | 0.7953 | mentah
Copy of Tm52.png | 7514.0 | 10104.3848 | 9477.8864 | 7514.0 | 29.4667 | 39.625 | 37.1682 | 29.4667 | 0.8844 | 0.8446 | 0.8542 | 0.8844 | 0.8421 | 0.8247 | 0.829 | 0.8421 | 0.3875 | 0.1763 | 0.2258 | 0.3875 | 0.7091 | 0.6801 | 0.6872 | 0.7091 | mentah
Copy of Tm53.png | 7514.0 | 10104.3848 | 9477.8864 | 7514.0 | 29.4667 | 39.625 | 37.1682 | 29.4667 | 0.8844 | 0.8446 | 0.8542 | 0.8844 | 0.8421 | 0.8247 | 0.829 | 0.8421 | 0.3875 | 0.1763 | 0.2258 | 0.3875 | 0.7091 | 0.6801 | 0.6872 | 0.7091 | mentah
Copy of Tm54.png | 7514.0 | 10104.3848 | 9477.8864 | 7514.0 | 29.4667 | 39.625 | 37.1682 | 29.4667 | 0.8844 | 0.8446 | 0.8542 | 0.8844 | 0.8421 | 0.8247 | 0.829 | 0.8421 | 0.3875 | 0.1763 | 0.2258 | 0.3875 | 0.7091 | 0.6801 | 0.6872 | 0.7091 | mentah
Copy of Tm55.png | 6863.75 | 10177.3646 | 9793.1591 | 6863.75 | 26.9167 | 39.9112 | 38.4045 | 26.9167 | 0.8944 | 0.8435 | 0.8494 | 0.8944 | 0.8476 | 0.8255 | 0.8285 | 0.8476 | 0.436 | 0.1607 | 0.189 | 0.436 | 0.7184 | 0.6815 | 0.6864 | 0.7184 | mentah
Copy of Tm56.png | 6863.75 | 10177.3646 | 9793.1591 | 6863.75 | 26.9167 | 39.9112 | 38.4045 | 26.9167 | 0.8944 | 0.8435 | 0.8494 | 0.8944 | 0.8476 | 0.8255 | 0.8285 | 0.8476 | 0.436 | 0.1607 | 0.189 | 0.436 | 0.7184 | 0.6815 | 0.6864 | 0.7184 | mentah
Copy of Tm57.png | 6863.75 | 10177.3646 | 9793.1591 | 6863.75 | 26.9167 | 39.9112 | 38.4045 | 26.9167 | 0.8944 | 0.8435 | 0.8494 | 0.8944 | 0.8476 | 0.8255 | 0.8285 | 0.8476 | 0.436 | 0.1607 | 0.189 | 0.436 | 0.7184 | 0.6815 | 0.6864 | 0.7184 | mentah
Copy of Tm58.png | 9024.6818 | 11942.1488 | 11310.4091 | 9024.6818 | 35.3909 | 46.832 | 44.3545 | 35.3909 | 0.8612 | 0.8163 | 0.8261 | 0.8612 | 0.8141 | 0.7948 | 0.7991 | 0.8141 | 0.3627 | 0.1592 | 0.2012 | 0.3627 | 0.6627 | 0.6316 | 0.6386 | 0.6627 | mentah
Copy of Tm59.png | 9024.6818 | 11942.1488 | 11310.4091 | 9024.6818 | 35.3909 | 46.832 | 44.3545 | 35.3909 | 0.8612 | 0.8163 | 0.8261 | 0.8612 | 0.8141 | 0.7948 | 0.7991 | 0.8141 | 0.3627 | 0.1592 | 0.2012 | 0.3627 | 0.6627 | 0.6316 | 0.6386 | 0.6627 | mentah
Copy of Tm6.png | 10410.5682 | 12990.404 | 10515.6591 | 10410.5682 | 40.8258 | 50.9428 | 41.2379 | 40.8258 | 0.8399 | 0.8002 | 0.8383 | 0.8399 | 0.7984 | 0.7823 | 0.7983 | 0.7984 | 0.298 | 0.1243 | 0.2881 | 0.298 | 0.6375 | 0.612 | 0.6373 | 0.6375 | mentah
Copy of Tm60.png | 9024.6818 | 11942.1488 | 11310.4091 | 9024.6818 | 35.3909 | 46.832 | 44.3545 | 35.3909 | 0.8612 | 0.8163 | 0.8261 | 0.8612 | 0.8141 | 0.7948 | 0.7991 | 0.8141 | 0.3627 | 0.1592 | 0.2012 | 0.3627 | 0.6627 | 0.6316 | 0.6386 | 0.6627 | mentah
Copy of Tm61.png | 6344.8636 | 8419.2149 | 7796.4318 | 6344.8636 | 24.8818 | 33.0165 | 30.5742 | 24.8818 | 0.9024 | 0.8705 | 0.8801 | 0.9024 | 0.8674 | 0.8531 | 0.8569 | 0.8674 | 0.3888 | 0.1883 | 0.2517 | 0.3888 | 0.7523 | 0.7278 | 0.7342 | 0.7523 | mentah
Copy of Tm62.png | 6344.8636 | 8419.2149 | 7796.4318 | 6344.8636 | 24.8818 | 33.0165 | 30.5742 | 24.8818 | 0.9024 | 0.8705 | 0.8801 | 0.9024 | 0.8674 | 0.8531 | 0.8569 | 0.8674 | 0.3888 | 0.1883 | 0.2517 | 0.3888 | 0.7523 | 0.7278 | 0.7342 | 0.7523 | mentah
Copy of Tm63.png | 6344.8636 | 8419.2149 | 7796.4318 | 6344.8636 | 24.8818 | 33.0165 | 30.5742 | 24.8818 | 0.9024 | 0.8705 | 0.8801 | 0.9024 | 0.8674 | 0.8531 | 0.8569 | 0.8674 | 0.3888 | 0.1883 | 0.2517 | 0.3888 | 0.7523 | 0.7278 | 0.7342 | 0.7523 | mentah
Copy of Tm64.png | 11461.4773 | 15345.6612 | 14200.4091 | 11461.4773 | 44.947 | 60.1791 | 55.6879 | 44.947 | 0.8237 | 0.764 | 0.7816 | 0.8237 | 0.7683 | 0.7443 | 0.7517 | 0.7683 | 0.3335 | 0.1121 | 0.1736 | 0.3335 | 0.5904 | 0.5539 | 0.5651 | 0.5904 | mentah
Copy of Tm65.png | 11461.4773 | 15345.6612 | 14200.4091 | 11461.4773 | 44.947 | 60.1791 | 55.6879 | 44.947 | 0.8237 | 0.764 | 0.7816 | 0.8237 | 0.7683 | 0.7443 | 0.7517 | 0.7683 | 0.3335 | 0.1121 | 0.1736 | 0.3335 | 0.5904 | 0.5539 | 0.5651 | 0.5904 | mentah
Copy of Tm7.png | 6502.5 | 8876.9972 | 8289.0455 | 6502.5 | 25.5 | 34.8118 | 32.5061 | 25.5 | 0.9 | 0.8635 | 0.8725 | 0.9 | 0.8605 | 0.8445 | 0.8488 | 0.8605 | 0.4103 | 0.192 | 0.2424 | 0.4103 | 0.7404 | 0.7132 | 0.7205 | 0.7404 | mentah
Copy of Tm71.png | 13366.25 | 17720.8219 | 17392.5455 | 13366.25 | 52.4167 | 69.4934 | 68.2061 | 52.4167 | 0.7944 | 0.7275 | 0.7325 | 0.7944 | 0.733 | 0.7071 | 0.7099 | 0.733 | 0.3134 | 0.0968 | 0.1087 | 0.3134 | 0.5373 | 0.5 | 0.504 | 0.5373 | mentah
Copy of Tm72.png | 13366.25 | 17720.8219 | 17392.5455 | 13366.25 | 52.4167 | 69.4934 | 68.2061 | 52.4167 | 0.7944 | 0.7275 | 0.7325 | 0.7944 | 0.733 | 0.7071 | 0.7099 | 0.733 | 0.3134 | 0.0968 | 0.1087 | 0.3134 | 0.5373 | 0.5 | 0.504 | 0.5373 | mentah
Copy of Tm73.png | 18909.7955 | 23147.865 | 20387.6364 | 18909.7955 | 74.1561 | 90.7759 | 79.9515 | 74.1561 | 0.7092 | 0.644 | 0.6865 | 0.7092 | 0.6532 | 0.6341 | 0.6463 | 0.6532 | 0.2077 | 0.0343 | 0.1459 | 0.2077 | 0.4267 | 0.4021 | 0.4177 | 0.4267 | mentah
Copy of Tm74.png | 18909.7955 | 23147.865 | 20387.6364 | 18909.7955 | 74.1561 | 90.7759 | 79.9515 | 74.1561 | 0.7092 | 0.644 | 0.6865 | 0.7092 | 0.6532 | 0.6341 | 0.6463 | 0.6532 | 0.2077 | 0.0343 | 0.1459 | 0.2077 | 0.4267 | 0.4021 | 0.4177 | 0.4267 | mentah
Copy of Tm75.png | 18909.7955 | 23147.865 | 20387.6364 | 18909.7955 | 74.1561 | 90.7759 | 79.9515 | 74.1561 | 0.7092 | 0.644 | 0.6865 | 0.7092 | 0.6532 | 0.6341 | 0.6463 | 0.6532 | 0.2077 | 0.0343 | 0.1459 | 0.2077 | 0.4267 | 0.4021 | 0.4177 | 0.4267 | mentah
Copy of Tm76.png | 17911.4318 | 21754.6143 | 19231.6364 | 17911.4318 | 70.2409 | 85.3122 | 75.4182 | 70.2409 | 0.7245 | 0.6654 | 0.7042 | 0.7245 | 0.6707 | 0.6519 | 0.6637 | 0.6707 | 0.2142 | 0.0508 | 0.158 | 0.2142 | 0.4499 | 0.4249 | 0.4405 | 0.4499 | mentah
Copy of Tm77.png | 17911.4318 | 21754.6143 | 19231.6364 | 17911.4318 | 70.2409 | 85.3122 | 75.4182 | 70.2409 | 0.7245 | 0.6654 | 0.7042 | 0.7245 | 0.6707 | 0.6519 | 0.6637 | 0.6707 | 0.2142 | 0.0508 | 0.158 | 0.2142 | 0.4499 | 0.4249 | 0.4405 | 0.4499 | mentah
Copy of Tm78.png | 17911.4318 | 21754.6143 | 19231.6364 | 17911.4318 | 70.2409 | 85.3122 | 75.4182 | 70.2409 | 0.7245 | 0.6654 | 0.7042 | 0.7245 | 0.6707 | 0.6519 | 0.6637 | 0.6707 | 0.2142 | 0.0508 | 0.158 | 0.2142 | 0.4499 | 0.4249 | 0.4405 | 0.4499 | mentah
Copy of Tm79.png | 21688.1364 | 23612.2819 | 20788.2955 | 21688.1364 | 85.0515 | 92.5972 | 81.5227 | 85.0515 | 0.6665 | 0.6369 | 0.6803 | 0.6665 | 0.6314 | 0.6232 | 0.635 | 0.6314 | 0.12 | 0.0453 | 0.157 | 0.12 | 0.3987 | 0.3884 | 0.4033 | 0.3987 | mentah
Copy of Tm8.png | 6502.5 | 8876.9972 | 8289.0455 | 6502.5 | 25.5 | 34.8118 | 32.5061 | 25.5 | 0.9 | 0.8635 | 0.8725 | 0.9 | 0.8605 | 0.8445 | 0.8488 | 0.8605 | 0.4103 | 0.192 | 0.2424 | 0.4103 | 0.7404 | 0.7132 | 0.7205 | 0.7404 | mentah
Copy of Tm80.png | 21688.1364 | 23612.2819 | 20788.2955 | 21688.1364 | 85.0515 | 92.5972 | 81.5227 | 85.0515 | 0.6665 | 0.6369 | 0.6803 | 0.6665 | 0.6314 | 0.6232 | 0.635 | 0.6314 | 0.12 | 0.0453 | 0.157 | 0.12 | 0.3987 | 0.3884 | 0.4033 | 0.3987 | mentah
Copy of Tm81.png | 21688.1364 | 23612.2819 | 20788.2955 | 21688.1364 | 85.0515 | 92.5972 | 81.5227 | 85.0515 | 0.6665 | 0.6369 | 0.6803 | 0.6665 | 0.6314 | 0.6232 | 0.635 | 0.6314 | 0.12 | 0.0453 | 0.157 | 0.12 | 0.3987 | 0.3884 | 0.4033 | 0.3987 | mentah
Copy of Tm82.png | 19632.2955 | 24813.1313 | 22640.5227 | 19632.2955 | 76.9894 | 97.3064 | 88.7864 | 76.9894 | 0.6981 | 0.6184 | 0.6518 | 0.6981 | 0.6339 | 0.6124 | 0.6202 | 0.6339 | 0.2208 | 0.0189 | 0.1036 | 0.2208 | 0.4018 | 0.3751 | 0.3846 | 0.4018 | mentah
Copy of Tm83.png | 19632.2955 | 24813.1313 | 22640.5227 | 19632.2955 | 76.9894 | 97.3064 | 88.7864 | 76.9894 | 0.6981 | 0.6184 | 0.6518 | 0.6981 | 0.6339 | 0.6124 | 0.6202 | 0.6339 | 0.2208 | 0.0189 | 0.1036 | 0.2208 | 0.4018 | 0.3751 | 0.3846 | 0.4018 | mentah
Copy of Tm84.png | 19632.2955 | 24813.1313 | 22640.5227 | 19632.2955 | 76.9894 | 97.3064 | 88.7864 | 76.9894 | 0.6981 | 0.6184 | 0.6518 | 0.6981 | 0.6339 | 0.6124 | 0.6202 | 0.6339 | 0.2208 | 0.0189 | 0.1036 | 0.2208 | 0.4018 | 0.3751 | 0.3846 | 0.4018 | mentah
Copy of Tm85.png | 22660.2273 | 23592.3783 | 19783.3636 | 22660.2273 | 88.8636 | 92.5191 | 77.5818 | 88.8636 | 0.6515 | 0.6372 | 0.6958 | 0.6515 | 0.6287 | 0.6245 | 0.6409 | 0.6287 | 0.0774 | 0.0422 | 0.1941 | 0.0774 | 0.3952 | 0.39 | 0.4108 | 0.3952 | mentah
Copy of Tm86.png | 22660.2273 | 23592.3783 | 19783.3636 | 22660.2273 | 88.8636 | 92.5191 | 77.5818 | 88.8636 | 0.6515 | 0.6372 | 0.6958 | 0.6515 | 0.6287 | 0.6245 | 0.6409 | 0.6287 | 0.0774 | 0.0422 | 0.1941 | 0.0774 | 0.3952 | 0.39 | 0.4108 | 0.3952 | mentah
Copy of Tm9.png | 6502.5 | 8876.9972 | 8289.0455 | 6502.5 | 25.5 | 34.8118 | 32.5061 | 25.5 | 0.9 | 0.8635 | 0.8725 | 0.9 | 0.8605 | 0.8445 | 0.8488 | 0.8605 | 0.4103 | 0.192 | 0.2424 | 0.4103 | 0.7404 | 0.7132 | 0.7205 | 0.7404 | mentah
Copy of Tm92.png | 18108.4773 | 24050.1607 | 22804.7273 | 18108.4773 | 71.0136 | 94.3144 | 89.4303 | 71.0136 | 0.7215 | 0.6301 | 0.6493 | 0.7215 | 0.6528 | 0.6263 | 0.6318 | 0.6528 | 0.2532 | 0.013 | 0.06 | 0.2532 | 0.4261 | 0.3922 | 0.3992 | 0.4261 | mentah
Copy of Tm93.png | 18108.4773 | 24050.1607 | 22804.7273 | 18108.4773 | 71.0136 | 94.3144 | 89.4303 | 71.0136 | 0.7215 | 0.6301 | 0.6493 | 0.7215 | 0.6528 | 0.6263 | 0.6318 | 0.6528 | 0.2532 | 0.013 | 0.06 | 0.2532 | 0.4261 | 0.3922 | 0.3992 | 0.4261 | mentah
Copy of Tm94.png | 18305.5227 | 22683.4481 | 21149.5455 | 18305.5227 | 71.7864 | 88.9547 | 82.9394 | 71.7864 | 0.7185 | 0.6512 | 0.6748 | 0.7185 | 0.6582 | 0.6378 | 0.6452 | 0.6582 | 0.2277 | 0.0471 | 0.1071 | 0.2277 | 0.4332 | 0.4068 | 0.4163 | 0.4332 | mentah
Copy of Tm95.png | 18305.5227 | 22683.4481 | 21149.5455 | 18305.5227 | 71.7864 | 88.9547 | 82.9394 | 71.7864 | 0.7185 | 0.6512 | 0.6748 | 0.7185 | 0.6582 | 0.6378 | 0.6452 | 0.6582 | 0.2277 | 0.0471 | 0.1071 | 0.2277 | 0.4332 | 0.4068 | 0.4163 | 0.4332 | mentah
Copy of Tm96.png | 18305.5227 | 22683.4481 | 21149.5455 | 18305.5227 | 71.7864 | 88.9547 | 82.9394 | 71.7864 | 0.7185 | 0.6512 | 0.6748 | 0.7185 | 0.6582 | 0.6378 | 0.6452 | 0.6582 | 0.2277 | 0.0471 | 0.1071 | 0.2277 | 0.4332 | 0.4068 | 0.4163 | 0.4332 | mentah
Copy of Tm97.png | 18305.5227 | 22683.4481 | 21149.5455 | 18305.5227 | 71.7864 | 88.9547 | 82.9394 | 71.7864 | 0.7185 | 0.6512 | 0.6748 | 0.7185 | 0.6582 | 0.6378 | 0.6452 | 0.6582 | 0.2277 | 0.0471 | 0.1071 | 0.2277 | 0.4332 | 0.4068 | 0.4163 | 0.4332 | mentah
Copy of Tm98.png | 18305.5227 | 22683.4481 | 21149.5455 | 18305.5227 | 71.7864 | 88.9547 | 82.9394 | 71.7864 | 0.7185 | 0.6512 | 0.6748 | 0.7185 | 0.6582 | 0.6378 | 0.6452 | 0.6582 | 0.2277 | 0.0471 | 0.1071 | 0.2277 | 0.4332 | 0.4068 | 0.4163 | 0.4332 | mentah
Copy of Tm99.png | 18305.5227 | 22683.4481 | 21149.5455 | 18305.5227 | 71.7864 | 88.9547 | 82.9394 | 71.7864 | 0.7185 | 0.6512 | 0.6748 | 0.7185 | 0.6582 | 0.6378 | 0.6452 | 0.6582 | 0.2277 | 0.0471 | 0.1071 | 0.2277 | 0.4332 | 0.4068 | 0.4163 | 0.4332 | mentah
